group	group_name	seqnames	start	end	width	strand	tx_id	tx_biotype	tx_cds_seq_start	tx_cds_seq_end	gene_id	tx_name	gene_name	cdna	cds	start_codon_location
1	1	ENSG00000110330	11	102347214	102350565	3352	+	ENST00000532832	protein_coding	102348703	102350565	ENSG00000110330	ENST00000532832	BIRC2	ATCGTGCGTCAGAGTGAGCCCGGATGGGGCGGCGGGCTTCGGGAGCGCCCGGGCTGATCCGAGCCGAGCGGGCCGTATCTCCTTGTCGGCGCCGCTGATTCCCGGCTCTGCGGAGGCCTCTAGGCAGCCGCGCAGCTTCCGTGTTTGCTGCGCCCGCACTGCGATTTACAACCCTGAAGAATCTCCCTATCCCTATTTTGTCCCCCTGCAGTAATAAATCCCATTATGGAGATCTCGAAACTTTATAAAGGGATATAGTTTGAATTCTATGGAGTGTAATTTTGTAGCAGTTGAAGACATCTCTTCATCGAGGACTAACCCCTACAGTTATGCAATGAGTACTGAAGAAGCCAGATTTCTTACCTACCATATGTGGCCATTAACTTTTTTGTCACCATCAGAATTGGCAAGAGCTGGTTTTTATTATATAGGACCTGGAGATAGGGTAGCCTGCTTTGCCTGTGGTGGGAAGCTCAGTAACTGGGAACCAAAGGATGATGCTATG	ATGGAGTGTAATTTTGTAGCAGTTGAAGACATCTCTTCATCGAGGACTAACCCCTACAGTTATGCAATGAGTACTGAAGAAGCCAGATTTCTTACCTACCATATGTGGCCATTAACTTTTTTGTCACCATCAGAATTGGCAAGAGCTGGTTTTTATTATATAGGACCTGGAGATAGGGTAGCCTGCTTTGCCTGTGGTGGGAAGCTCAGTAACTGGGAACCAAAGGATGATGCTATG	NA
2	1	ENSG00000110330	11	102347214	102378236	31023	+	ENST00000530675	protein_coding	102350002	102378183	ENSG00000110330	ENST00000530675	BIRC2	ATCGTGCGTCAGAGTGAGCCCGGATGGGGCGGCGGGCTTCGGGAGCGCCCGGGCTGATCCGAGCCGAGCGGGCCGTATCTCCTTGTCGGCGCCGCTGATTCCCGGCTCTGCGGAGGCCTCTAGGCAGCCGCGCAGCTTCCGTGTTTGCTGCGCCCGCACTGCGAATGTCTACATATTCAACTTTCCCCGCCGGGGTGCCTGTCTCAGAAAGGAGTCTTGCTCGTGCTGGTTTTTATTATACTGGTGTGAATGACAAGGTCAAATGCTTCTGTTGTGGCCTGATGCTGGATAACTGGAAACTAGGAGACAGTCCTATTCAAAAGCATAAACAGCTATATCCTAGCTGTAGCTTTATTCAGAATCTGGTTTCAGCTAGTCTGGGATCCACCTCTAAGAATACGTCTCCAATGAGAAACAGTTTTGCACATTCATTATCTCCCACCTTGGAACATAGTAGCTTGTTCAGTGGTTCTTACTCCAGCCTTTCTCCAAACCCTCTTAATTCTAGAGCAGTTGAAGACATCTCTTCATCGAGGACTAACCCCTACAGTTATGCAATGAGTACTGAAGAAGCCAGATTTCTTACCTACCATATGTGGCCATTAACTTTTTTGTCACCATCAGAATTGGCAAGAGCTGGTTTTTATTATATAGGACCTGGAGATAGGGTAGCCTGCTTTGCCTGTGGTGGGAAGCTCAGTAACTGGGAACCAAAGGATGATGCTATGTCAGAACACCGGAGGCATTTTCCCAACTGTCCATTTTTGGAAAATTCTCTAGAAACTCTGAGGTTTAGCATTTCAAATCTGAGCATGCAGACACATGCAGCTCGAATGAGAACATTTATGTACTGGCCATCTAGTGTTCCAGTTCAGCCTGAGCAGCTTGCAAGTGCTGGTTTTTATTATGTGGGTCGCAATGATGATGTCAAATGCTTTTGTTGTGATGGTGGCTTGAGGTGTTGGGAATCTGGAGATGATCCATGGGTAGAACATGCCAAGTGGTTTCCAAGGTGTGAGTTCTTGATACGAATGAAAGGCCAAGAGTTTGTTGATGAGATTCAAGGTAGATATCCTCATCTTCTTGAACAGCTGTTGTCAACTTCAGATACCACTGGAGAAGAAAATGCTGACCCACCAATTATTCATTTTGGACCTGGAGAAAGTTCTTCAGAAGATGCTGTCATGATGAATACACCTGTGGTTAAATCTGCCTTGGAAATGGGCTTTAATAGAGACCTGGTGAAACAAACAGTTCAAAGTAAAATCCTGACAACTGGAGAGAACTATAAAACAGTTAATGATATTGTGTCAGCACTTCTTAATGCTGAAGATGAAAAAAGAGAAGAGGAGAAGGAAAAACAAGCTGAAGAAATGGCATCAGATGATTTGTCATTAATTCGGAAGAACAGAATGGCTCTCTTTCAACAATTGACATGTGTGCTTCCTATCCTGGATAATCTTTTAAAGGCCAATGTAATTAATAAACAGGAACATGATATTATTAAACAAAAAACACAGATACCTTTACAAGCGAGAGAACTGATTGATACCATTTTGGTTAAAGGAAATGCTGCGGCCAACATCTTCAAAAACTGTCTAAAAGAAATTGACTCTACATTGTATAAGAACTTATTTGTGGATAAGAATATGAAGTATATTCCAACAGAAGATGTTTCAGGTCTGTCACTGGAAGAACAATTGAGGAGGTTGCAAGAAGAACGAACTTGTAAAGTGTGTATGGACAAAGAAGTTTCTGTTGTATTTATTCCTTGTGGTCATCTGGTAGTATGCCAGGAATGTGCCCCTTCTCTAAGAAAATGCCCTATTTGCAGGGGTATAATCAAGGGTACTGTTCGTACATTTCTCTCTTAAAGAAAAATAGTCTATATTTTAACCTGCATAAAAAGGTCTTTAAAATATTGTTG	ATGTCTACATATTCAACTTTCCCCGCCGGGGTGCCTGTCTCAGAAAGGAGTCTTGCTCGTGCTGGTTTTTATTATACTGGTGTGAATGACAAGGTCAAATGCTTCTGTTGTGGCCTGATGCTGGATAACTGGAAACTAGGAGACAGTCCTATTCAAAAGCATAAACAGCTATATCCTAGCTGTAGCTTTATTCAGAATCTGGTTTCAGCTAGTCTGGGATCCACCTCTAAGAATACGTCTCCAATGAGAAACAGTTTTGCACATTCATTATCTCCCACCTTGGAACATAGTAGCTTGTTCAGTGGTTCTTACTCCAGCCTTTCTCCAAACCCTCTTAATTCTAGAGCAGTTGAAGACATCTCTTCATCGAGGACTAACCCCTACAGTTATGCAATGAGTACTGAAGAAGCCAGATTTCTTACCTACCATATGTGGCCATTAACTTTTTTGTCACCATCAGAATTGGCAAGAGCTGGTTTTTATTATATAGGACCTGGAGATAGGGTAGCCTGCTTTGCCTGTGGTGGGAAGCTCAGTAACTGGGAACCAAAGGATGATGCTATGTCAGAACACCGGAGGCATTTTCCCAACTGTCCATTTTTGGAAAATTCTCTAGAAACTCTGAGGTTTAGCATTTCAAATCTGAGCATGCAGACACATGCAGCTCGAATGAGAACATTTATGTACTGGCCATCTAGTGTTCCAGTTCAGCCTGAGCAGCTTGCAAGTGCTGGTTTTTATTATGTGGGTCGCAATGATGATGTCAAATGCTTTTGTTGTGATGGTGGCTTGAGGTGTTGGGAATCTGGAGATGATCCATGGGTAGAACATGCCAAGTGGTTTCCAAGGTGTGAGTTCTTGATACGAATGAAAGGCCAAGAGTTTGTTGATGAGATTCAAGGTAGATATCCTCATCTTCTTGAACAGCTGTTGTCAACTTCAGATACCACTGGAGAAGAAAATGCTGACCCACCAATTATTCATTTTGGACCTGGAGAAAGTTCTTCAGAAGATGCTGTCATGATGAATACACCTGTGGTTAAATCTGCCTTGGAAATGGGCTTTAATAGAGACCTGGTGAAACAAACAGTTCAAAGTAAAATCCTGACAACTGGAGAGAACTATAAAACAGTTAATGATATTGTGTCAGCACTTCTTAATGCTGAAGATGAAAAAAGAGAAGAGGAGAAGGAAAAACAAGCTGAAGAAATGGCATCAGATGATTTGTCATTAATTCGGAAGAACAGAATGGCTCTCTTTCAACAATTGACATGTGTGCTTCCTATCCTGGATAATCTTTTAAAGGCCAATGTAATTAATAAACAGGAACATGATATTATTAAACAAAAAACACAGATACCTTTACAAGCGAGAGAACTGATTGATACCATTTTGGTTAAAGGAAATGCTGCGGCCAACATCTTCAAAAACTGTCTAAAAGAAATTGACTCTACATTGTATAAGAACTTATTTGTGGATAAGAATATGAAGTATATTCCAACAGAAGATGTTTCAGGTCTGTCACTGGAAGAACAATTGAGGAGGTTGCAAGAAGAACGAACTTGTAAAGTGTGTATGGACAAAGAAGTTTCTGTTGTATTTATTCCTTGTGGTCATCTGGTAGTATGCCAGGAATGTGCCCCTTCTCTAAGAAAATGCCCTATTTGCAGGGGTATAATCAAGGGTACTGTTCGTACATTTCTCTCTTAA	NA
3	1	ENSG00000110330	11	102347224	102377691	30468	+	ENST00000533742	protein_coding	102362915	102377691	ENSG00000110330	ENST00000533742	BIRC2	AGAGTGAGCCCGGATGGGGCGGCGGGCTTCGGGAGCGCCCGGGCTGATCCGAGCCGAGCGGGCCGTATCTCCTTGTCGGCGCCGCTGATTCCCGGCTCTGCGGAGGCCTCTAGGCAGCCGCGCAGCTTCCGTGTTTGCTGCGCCCGCACTGCGGTGTGAGTTCTTGATACGAATGAAAGGCCAAGAGTTTGTTGATGAGATTCAAGGTAGATATCCTCATCTTCTTGAACAGCTGTTGTCAACTTCAGATACCACTGGAGAAGAAAATGCTGACCCACCAATTATTCATTTTGGACCTGGAGAAAGTTCTTCAGAAGATGCTGTCATGATGAATACACCTGTGGTTAAATCTGCCTTGGAAATGGGCTTTAATAGAGACCTGGTGAAACAAACAGTTCAAAGTAAAATCCTGACAACTGGAGAGAACTATAAAACAGTTAATGATATTGTGTCAGCACTTCTTAATGCTGAAGATGAAAAAAGAGAAGAGGAGAAGGAAAAACAAGCTGAAGAAATGGCATCAGATGATTTGTCATTAATTCGGAAGAACAGAATGGCTCTCTTTCAACAATTGACATGTGTGCTTCCTATCCTGGATAATCTTTTAAAGGCCAATGTAATTAATAAACAGGAACATGATATTATTAAACAAAAAACACAGATACCTTTACAAGCGAGAGAACTGATTGATACCATTTTGGTTAAAGGAAATGCTGCGGC	ATGAAAGGCCAAGAGTTTGTTGATGAGATTCAAGGTAGATATCCTCATCTTCTTGAACAGCTGTTGTCAACTTCAGATACCACTGGAGAAGAAAATGCTGACCCACCAATTATTCATTTTGGACCTGGAGAAAGTTCTTCAGAAGATGCTGTCATGATGAATACACCTGTGGTTAAATCTGCCTTGGAAATGGGCTTTAATAGAGACCTGGTGAAACAAACAGTTCAAAGTAAAATCCTGACAACTGGAGAGAACTATAAAACAGTTAATGATATTGTGTCAGCACTTCTTAATGCTGAAGATGAAAAAAGAGAAGAGGAGAAGGAAAAACAAGCTGAAGAAATGGCATCAGATGATTTGTCATTAATTCGGAAGAACAGAATGGCTCTCTTTCAACAATTGACATGTGTGCTTCCTATCCTGGATAATCTTTTAAAGGCCAATGTAATTAATAAACAGGAACATGATATTATTAAACAAAAAACACAGATACCTTTACAAGCGAGAGAACTGATTGATACCATTTTGGTTAAAGGAAATGCTGCGGC	NA
4	1	ENSG00000110330	11	102347235	102378670	31436	+	ENST00000227758	protein_coding	102349855	102378183	ENSG00000110330	ENST00000227758	BIRC2	GGATGGGGCGGCGGGCTTCGGGAGCGCCCGGGCTGATCCGAGCCGAGCGGGCCGTATCTCCTTGTCGGCGCCGCTGATTCCCGGCTCTGCGGAGGCCTCTAGGCAGCCGCGCAGCTTCCGTGTTTGCTGCGCCCGCACTGCGATTTACAACCCTGAAGAATCTCCCTATCCCTATTTTGTCCCCCTGCAGTAATAAATCCCATTATGGAGATCTCGAAACTTTATAAAGGGATATAGTTTGAATTCTATGGAGTGTAATTTTGTGTATGAATTATATTTTTAAAACATTGAAGAGTTTTCAGAAAGAAGGCTAGTAGAGTTGATTACTGATACTTTATGCTAAGCAGTACTTTTTTGGTAGTACAATATTTTGTTAGGCGTTTCTGATAACACTAGAAAGGACAAGTTTTATCTTGTGATAAATTGATTAATGTTTACAACATGACTGATAATTATAGCTGAATAGTCCTTAAATGATGAACAGGTTATTTAGTTTTTAAATGCAGTGTAAAAAGTGTGCTGTGGAAATTTTATGGCTAACTAAGTTTATGGAGAAAATACCTTCAGTTGATCAAGAATAATAGTGGTATACAAAGTTAGGAAGAAAGTCAACATGATGCTGCAGGAAATGGAAACAAATACAAATGATATTTAACAAAGATAGAGTTTACAGTTTTTGAACTTTAAGCCAAATTCATTTGACATCAAGCACTATAGCAGGCACAGGTTCAACAAAGCTTGTGGGTATTGACTTCCCCCAAAAGTTGTCAGCTGAAGTAATTTAGCCCACTTAAGTAAATACTATGATGATAAGCTGTGTGAACTTAGCTTTTAAATAGTGTGACCATATGAAGGTTTTAATTACTTTTGTTTATTGGAATAAAATGAGATTTTTTGGGTTGTCATGTTAAAGTGCTTATAGGGAAAGAAGCCTGCATATAATTTTTTACCTTGTGGCATAATCAGTAATTGGTCTGTTATTCAGGCTTCATAGCTTGTAACCAAATATAAATAAAAGGCATAATTTAGGTATTCTATAGTTGCTTAGAATTTTGTTAATATAAATCTCTGTGAAAAATCAAGGAGTTTTAATATTTTCAGAAGTGCATCCACCTTTCAGGGCTTTAAGTTAGTATTACTCAAGATTATGAACAAATAGCACTTAGGTTACCTGAAAGAGTTACTACAACCCCAAAGAGTTGTGTTCTAAGTAGTATCTTGGTAATTCAGAGAGATACTCATCCTACCTGAATATAAACTGAGATAAATCCAGTAAAGAAAGTGTAGTAAATTCTACATAAGAGTCTATCATTGATTTCTTTTTGTGGTAAAAATCTTAGTTCATGTGAAGAAATTTCATGTGAATGTTTTAGCTATCAAACAGTACTGTCACCTACTCATGCACAAAACTGCCTCCCAAAGACTTTTCCCAGGTCCCTCGTATCAAAACATTAAGAGTATAATGGAAGATAGCACGATCTTGTCAGATTGGACAAACAGCAACAAACAAAAAATGAAGTATGACTTTTCCTGTGAACTCTACAGAATGTCTACATATTCAACTTTCCCCGCCGGGGTGCCTGTCTCAGAAAGGAGTCTTGCTCGTGCTGGTTTTTATTATACTGGTGTGAATGACAAGGTCAAATGCTTCTGTTGTGGCCTGATGCTGGATAACTGGAAACTAGGAGACAGTCCTATTCAAAAGCATAAACAGCTATATCCTAGCTGTAGCTTTATTCAGAATCTGGTTTCAGCTAGTCTGGGATCCACCTCTAAGAATACGTCTCCAATGAGAAACAGTTTTGCACATTCATTATCTCCCACCTTGGAACATAGTAGCTTGTTCAGTGGTTCTTACTCCAGCCTTTCTCCAAACCCTCTTAATTCTAGAGCAGTTGAAGACATCTCTTCATCGAGGACTAACCCCTACAGTTATGCAATGAGTACTGAAGAAGCCAGATTTCTTACCTACCATATGTGGCCATTAACTTTTTTGTCACCATCAGAATTGGCAAGAGCTGGTTTTTATTATATAGGACCTGGAGATAGGGTAGCCTGCTTTGCCTGTGGTGGGAAGCTCAGTAACTGGGAACCAAAGGATGATGCTATGTCAGAACACCGGAGGCATTTTCCCAACTGTCCATTTTTGGAAAATTCTCTAGAAACTCTGAGGTTTAGCATTTCAAATCTGAGCATGCAGACACATGCAGCTCGAATGAGAACATTTATGTACTGGCCATCTAGTGTTCCAGTTCAGCCTGAGCAGCTTGCAAGTGCTGGTTTTTATTATGTGGGTCGCAATGATGATGTCAAATGCTTTTGTTGTGATGGTGGCTTGAGGTGTTGGGAATCTGGAGATGATCCATGGGTAGAACATGCCAAGTGGTTTCCAAGGTGTGAGTTCTTGATACGAATGAAAGGCCAAGAGTTTGTTGATGAGATTCAAGGTAGATATCCTCATCTTCTTGAACAGCTGTTGTCAACTTCAGATACCACTGGAGAAGAAAATGCTGACCCACCAATTATTCATTTTGGACCTGGAGAAAGTTCTTCAGAAGATGCTGTCATGATGAATACACCTGTGGTTAAATCTGCCTTGGAAATGGGCTTTAATAGAGACCTGGTGAAACAAACAGTTCAAAGTAAAATCCTGACAACTGGAGAGAACTATAAAACAGTTAATGATATTGTGTCAGCACTTCTTAATGCTGAAGATGAAAAAAGAGAAGAGGAGAAGGAAAAACAAGCTGAAGAAATGGCATCAGATGATTTGTCATTAATTCGGAAGAACAGAATGGCTCTCTTTCAACAATTGACATGTGTGCTTCCTATCCTGGATAATCTTTTAAAGGCCAATGTAATTAATAAACAGGAACATGATATTATTAAACAAAAAACACAGATACCTTTACAAGCGAGAGAACTGATTGATACCATTTTGGTTAAAGGAAATGCTGCGGCCAACATCTTCAAAAACTGTCTAAAAGAAATTGACTCTACATTGTATAAGAACTTATTTGTGGATAAGAATATGAAGTATATTCCAACAGAAGATGTTTCAGGTCTGTCACTGGAAGAACAATTGAGGAGGTTGCAAGAAGAACGAACTTGTAAAGTGTGTATGGACAAAGAAGTTTCTGTTGTATTTATTCCTTGTGGTCATCTGGTAGTATGCCAGGAATGTGCCCCTTCTCTAAGAAAATGCCCTATTTGCAGGGGTATAATCAAGGGTACTGTTCGTACATTTCTCTCTTAAAGAAAAATAGTCTATATTTTAACCTGCATAAAAAGGTCTTTAAAATATTGTTGAACACTTGAAGCCATCTAAAGTAAAAAGGGAATTATGAGTTTTTCAATTAGTAACATTCATGTTCTAGTCTGCTTTGGTACTAATAATCTTGTTTCTGAAAAGATGGTATCATATATTTAATCTTAATCTGTTTATTTACAAGGGAAGATTTATGTTTGGTGAACTATATTAGTATGTATGTGTACCTAAGGGAGTAGTGTCACTGCTTGTTATGCATCATTTCAGGAGTTACTGGATTTGTTGTTCTTTCAGAAAGCTTTGAATACTAAATTATAGTGTAGAAAAGAACTGGAAACCAGGAACTCTGGAGTTCATCAGAGTTATGGTGCCGAATTGTCTTTGGTGCTTTTCACTTGTGTTTTAAAATAAGGATTTTTCTCTTATTTCTCCCCCTAGTTTGTGAGAAACATCTCAATAAAGTGCTTTAAAAAGA	ATGCACAAAACTGCCTCCCAAAGACTTTTCCCAGGTCCCTCGTATCAAAACATTAAGAGTATAATGGAAGATAGCACGATCTTGTCAGATTGGACAAACAGCAACAAACAAAAAATGAAGTATGACTTTTCCTGTGAACTCTACAGAATGTCTACATATTCAACTTTCCCCGCCGGGGTGCCTGTCTCAGAAAGGAGTCTTGCTCGTGCTGGTTTTTATTATACTGGTGTGAATGACAAGGTCAAATGCTTCTGTTGTGGCCTGATGCTGGATAACTGGAAACTAGGAGACAGTCCTATTCAAAAGCATAAACAGCTATATCCTAGCTGTAGCTTTATTCAGAATCTGGTTTCAGCTAGTCTGGGATCCACCTCTAAGAATACGTCTCCAATGAGAAACAGTTTTGCACATTCATTATCTCCCACCTTGGAACATAGTAGCTTGTTCAGTGGTTCTTACTCCAGCCTTTCTCCAAACCCTCTTAATTCTAGAGCAGTTGAAGACATCTCTTCATCGAGGACTAACCCCTACAGTTATGCAATGAGTACTGAAGAAGCCAGATTTCTTACCTACCATATGTGGCCATTAACTTTTTTGTCACCATCAGAATTGGCAAGAGCTGGTTTTTATTATATAGGACCTGGAGATAGGGTAGCCTGCTTTGCCTGTGGTGGGAAGCTCAGTAACTGGGAACCAAAGGATGATGCTATGTCAGAACACCGGAGGCATTTTCCCAACTGTCCATTTTTGGAAAATTCTCTAGAAACTCTGAGGTTTAGCATTTCAAATCTGAGCATGCAGACACATGCAGCTCGAATGAGAACATTTATGTACTGGCCATCTAGTGTTCCAGTTCAGCCTGAGCAGCTTGCAAGTGCTGGTTTTTATTATGTGGGTCGCAATGATGATGTCAAATGCTTTTGTTGTGATGGTGGCTTGAGGTGTTGGGAATCTGGAGATGATCCATGGGTAGAACATGCCAAGTGGTTTCCAAGGTGTGAGTTCTTGATACGAATGAAAGGCCAAGAGTTTGTTGATGAGATTCAAGGTAGATATCCTCATCTTCTTGAACAGCTGTTGTCAACTTCAGATACCACTGGAGAAGAAAATGCTGACCCACCAATTATTCATTTTGGACCTGGAGAAAGTTCTTCAGAAGATGCTGTCATGATGAATACACCTGTGGTTAAATCTGCCTTGGAAATGGGCTTTAATAGAGACCTGGTGAAACAAACAGTTCAAAGTAAAATCCTGACAACTGGAGAGAACTATAAAACAGTTAATGATATTGTGTCAGCACTTCTTAATGCTGAAGATGAAAAAAGAGAAGAGGAGAAGGAAAAACAAGCTGAAGAAATGGCATCAGATGATTTGTCATTAATTCGGAAGAACAGAATGGCTCTCTTTCAACAATTGACATGTGTGCTTCCTATCCTGGATAATCTTTTAAAGGCCAATGTAATTAATAAACAGGAACATGATATTATTAAACAAAAAACACAGATACCTTTACAAGCGAGAGAACTGATTGATACCATTTTGGTTAAAGGAAATGCTGCGGCCAACATCTTCAAAAACTGTCTAAAAGAAATTGACTCTACATTGTATAAGAACTTATTTGTGGATAAGAATATGAAGTATATTCCAACAGAAGATGTTTCAGGTCTGTCACTGGAAGAACAATTGAGGAGGTTGCAAGAAGAACGAACTTGTAAAGTGTGTATGGACAAAGAAGTTTCTGTTGTATTTATTCCTTGTGGTCATCTGGTAGTATGCCAGGAATGTGCCCCTTCTCTAAGAAAATGCCCTATTTGCAGGGGTATAATCAAGGGTACTGTTCGTACATTTCTCTCTTAA	NA
5	1	ENSG00000110330	11	102347247	102378669	31423	+	ENST00000532672	protein_coding	102349918	102378183	ENSG00000110330	ENST00000532672	BIRC2	GGGCTTCGGGAGCGCCCGGGCTGATCCGAGCCGAGCGGGCCGTATCTCCTTGTCGGCGCCGCTGATTCCCGGCTCTGCGGAGGCCTCTAGGCAGCCGCGCAGCTTCCGTGTTTGCTGCGCCCGCACTGCGATTTACAACCCTGAAGAATCTCCCTATCCCTATTTTGTCCCCCTGCAGTAATAAATCCCATTATGGAGATCTCGAAACTTTATAAAGGGATATAGTTTGAATTCTATGGAGTGTAATTTTGTGTATGAATTATATTTTTAAAACATTGAAGAGTTTTCAGAAAGAAGACTTTTCCCAGGTCCCTCGTATCAAAACATTAAGAGTATAATGGAAGATAGCACGATCTTGTCAGATTGGACAAACAGCAACAAACAAAAAATGAAGTATGACTTTTCCTGTGAACTCTACAGAATGTCTACATATTCAACTTTCCCCGCCGGGGTGCCTGTCTCAGAAAGGAGTCTTGCTCGTGCTGGTTTTTATTATACTGGTGTGAATGACAAGGTCAAATGCTTCTGTTGTGGCCTGATGCTGGATAACTGGAAACTAGGAGACAGTCCTATTCAAAAGCATAAACAGCTATATCCTAGCTGTAGCTTTATTCAGAATCTGGTTTCAGCTAGTCTGGGATCCACCTCTAAGAATACGTCTCCAATGAGAAACAGTTTTGCACATTCATTATCTCCCACCTTGGAACATAGTAGCTTGTTCAGTGGTTCTTACTCCAGCCTTTCTCCAAACCCTCTTAATTCTAGAGCAGTTGAAGACATCTCTTCATCGAGGACTAACCCCTACAGTTATGCAATGAGTACTGAAGAAGCCAGATTTCTTACCTACCATATGTGGCCATTAACTTTTTTGTCACCATCAGAATTGGCAAGAGCTGGTTTTTATTATATAGGACCTGGAGATAGGGTAGCCTGCTTTGCCTGTGGTGGGAAGCTCAGTAACTGGGAACCAAAGGATGATGCTATGTCAGAACACCGGAGGCATTTTCCCAACTGTCCATTTTTGGAAAATTCTCTAGAAACTCTGAGGTTTAGCATTTCAAATCTGAGCATGCAGACACATGCAGCTCGAATGAGAACATTTATGTACTGGCCATCTAGTGTTCCAGTTCAGCCTGAGCAGCTTGCAAGTGCTGGTTTTTATTATGTGGGTCGCAATGATGATGTCAAATGCTTTTGTTGTGATGGTGGCTTGAGGTGTTGGGAATCTGGAGATGATCCATGGGTAGAACATGCCAAGTGGTTTCCAAGGTGTGAGTTCTTGATACGAATGAAAGGCCAAGAGTTTGTTGATGAGATTCAAGGTAGATATCCTCATCTTCTTGAACAGCTGTTGTCAACTTCAGATACCACTGGAGAAGAAAATGCTGACCCACCAATTATTCATTTTGGACCTGGAGAAAGTTCTTCAGAAGATGCTGTCATGATGAATACACCTGTGGTTAAATCTGCCTTGGAAATGGGCTTTAATAGAGACCTGGTGAAACAAACAGTTCAAAGTAAAATCCTGACAACTGGAGAGAACTATAAAACAGTTAATGATATTGTGTCAGCACTTCTTAATGCTGAAGATGAAAAAAGAGAAGAGGAGAAGGAAAAACAAGCTGAAGAAATGGCATCAGATGATTTGTCATTAATTCGGAAGAACAGAATGGCTCTCTTTCAACAATTGACATGTGTGCTTCCTATCCTGGATAATCTTTTAAAGGCCAATGTAATTAATAAACAGGAACATGATATTATTAAACAAAAAACACAGATACCTTTACAAGCGAGAGAACTGATTGATACCATTTTGGTTAAAGGAAATGCTGCGGCCAACATCTTCAAAAACTGTCTAAAAGAAATTGACTCTACATTGTATAAGAACTTATTTGTGGATAAGAATATGAAGTATATTCCAACAGAAGATGTTTCAGGTCTGTCACTGGAAGAACAATTGAGGAGGTTGCAAGAAGAACGAACTTGTAAAGTGTGTATGGACAAAGAAGTTTCTGTTGTATTTATTCCTTGTGGTCATCTGGTAGTATGCCAGGAATGTGCCCCTTCTCTAAGAAAATGCCCTATTTGCAGGGGTATAATCAAGGGTACTGTTCGTACATTTCTCTCTTAAAGAAAAATAGTCTATATTTTAACCTGCATAAAAAGGTCTTTAAAATATTGTTGAACACTTGAAGCCATCTAAAGTAAAAAGGGAATTATGAGTTTTTCAATTAGTAACATTCATGTTCTAGTCTGCTTTGGTACTAATAATCTTGTTTCTGAAAAGATGGTATCATATATTTAATCTTAATCTGTTTATTTACAAGGGAAGATTTATGTTTGGTGAACTATATTAGTATGTATGTGTACCTAAGGGAGTAGTGTCACTGCTTGTTATGCATCATTTCAGGAGTTACTGGATTTGTTGTTCTTTCAGAAAGCTTTGAATACTAAATTATAGTGTAGAAAAGAACTGGAAACCAGGAACTCTGGAGTTCATCAGAGTTATGGTGCCGAATTGTCTTTGGTGCTTTTCACTTGTGTTTTAAAATAAGGATTTTTCTCTTATTTCTCCCCCTAGTTTGTGAGAAACATCTCAATAAAGTGCTTTAAAAAG	ATGGAAGATAGCACGATCTTGTCAGATTGGACAAACAGCAACAAACAAAAAATGAAGTATGACTTTTCCTGTGAACTCTACAGAATGTCTACATATTCAACTTTCCCCGCCGGGGTGCCTGTCTCAGAAAGGAGTCTTGCTCGTGCTGGTTTTTATTATACTGGTGTGAATGACAAGGTCAAATGCTTCTGTTGTGGCCTGATGCTGGATAACTGGAAACTAGGAGACAGTCCTATTCAAAAGCATAAACAGCTATATCCTAGCTGTAGCTTTATTCAGAATCTGGTTTCAGCTAGTCTGGGATCCACCTCTAAGAATACGTCTCCAATGAGAAACAGTTTTGCACATTCATTATCTCCCACCTTGGAACATAGTAGCTTGTTCAGTGGTTCTTACTCCAGCCTTTCTCCAAACCCTCTTAATTCTAGAGCAGTTGAAGACATCTCTTCATCGAGGACTAACCCCTACAGTTATGCAATGAGTACTGAAGAAGCCAGATTTCTTACCTACCATATGTGGCCATTAACTTTTTTGTCACCATCAGAATTGGCAAGAGCTGGTTTTTATTATATAGGACCTGGAGATAGGGTAGCCTGCTTTGCCTGTGGTGGGAAGCTCAGTAACTGGGAACCAAAGGATGATGCTATGTCAGAACACCGGAGGCATTTTCCCAACTGTCCATTTTTGGAAAATTCTCTAGAAACTCTGAGGTTTAGCATTTCAAATCTGAGCATGCAGACACATGCAGCTCGAATGAGAACATTTATGTACTGGCCATCTAGTGTTCCAGTTCAGCCTGAGCAGCTTGCAAGTGCTGGTTTTTATTATGTGGGTCGCAATGATGATGTCAAATGCTTTTGTTGTGATGGTGGCTTGAGGTGTTGGGAATCTGGAGATGATCCATGGGTAGAACATGCCAAGTGGTTTCCAAGGTGTGAGTTCTTGATACGAATGAAAGGCCAAGAGTTTGTTGATGAGATTCAAGGTAGATATCCTCATCTTCTTGAACAGCTGTTGTCAACTTCAGATACCACTGGAGAAGAAAATGCTGACCCACCAATTATTCATTTTGGACCTGGAGAAAGTTCTTCAGAAGATGCTGTCATGATGAATACACCTGTGGTTAAATCTGCCTTGGAAATGGGCTTTAATAGAGACCTGGTGAAACAAACAGTTCAAAGTAAAATCCTGACAACTGGAGAGAACTATAAAACAGTTAATGATATTGTGTCAGCACTTCTTAATGCTGAAGATGAAAAAAGAGAAGAGGAGAAGGAAAAACAAGCTGAAGAAATGGCATCAGATGATTTGTCATTAATTCGGAAGAACAGAATGGCTCTCTTTCAACAATTGACATGTGTGCTTCCTATCCTGGATAATCTTTTAAAGGCCAATGTAATTAATAAACAGGAACATGATATTATTAAACAAAAAACACAGATACCTTTACAAGCGAGAGAACTGATTGATACCATTTTGGTTAAAGGAAATGCTGCGGCCAACATCTTCAAAAACTGTCTAAAAGAAATTGACTCTACATTGTATAAGAACTTATTTGTGGATAAGAATATGAAGTATATTCCAACAGAAGATGTTTCAGGTCTGTCACTGGAAGAACAATTGAGGAGGTTGCAAGAAGAACGAACTTGTAAAGTGTGTATGGACAAAGAAGTTTCTGTTGTATTTATTCCTTGTGGTCATCTGGTAGTATGCCAGGAATGTGCCCCTTCTCTAAGAAAATGCCCTATTTGCAGGGGTATAATCAAGGGTACTGTTCGTACATTTCTCTCTTAA	NA
6	1	ENSG00000110330	11	102347253	102378140	30888	+	ENST00000531259	protein_coding	102377525	102378140	ENSG00000110330	ENST00000531259	BIRC2	CGGGAGCGCCCGGGCTGATCCGAGCCGAGCGGGCCGTATCTCCTTGTCGGCGCCGCTGATTCCCGGCTCTGCGGAGGCCTCTAGGCAGCCGCGCAGCTTCCGTGTTTGCTGCGCCCGCACTGCGATGATTTGTCATTAATTCGGAAGAACAGAATGGCTCTCTTTCAACAATTGACATGTGTGCTTCCTATCCTGGATAATCTTTTAAAGGCCAATGTAATTAATAAACAGGAACATGATATTATTAAACAAAAAACACAGATACCTTTACAAGCGAGAGAACTGATTGATACCATTTTGGTTAAAGGAAATGCTGCGGCCAACATCTTCAAAAACTGTCTAAAAGAAATTGACTCTACATTGTATAAGAACTTATTTGTGGATAAGAATATGAAGTATATTCCAACAGAAGATGTTTCAGGTCTGTCACTGGAAGAACAATTGAGGAGGTTGCAAGAAGAACGAACTTGTAAAGTGTGTATGGACAAAGAAGTTTCTGTTGTATTTATTCCTTGTGGTCATCTGGTAGTATGCCAGGAATGTGCCCCTTCTCTAAGAAAATGCCCTATTTG	ATGGCTCTCTTTCAACAATTGACATGTGTGCTTCCTATCCTGGATAATCTTTTAAAGGCCAATGTAATTAATAAACAGGAACATGATATTATTAAACAAAAAACACAGATACCTTTACAAGCGAGAGAACTGATTGATACCATTTTGGTTAAAGGAAATGCTGCGGCCAACATCTTCAAAAACTGTCTAAAAGAAATTGACTCTACATTGTATAAGAACTTATTTGTGGATAAGAATATGAAGTATATTCCAACAGAAGATGTTTCAGGTCTGTCACTGGAAGAACAATTGAGGAGGTTGCAAGAAGAACGAACTTGTAAAGTGTGTATGGACAAAGAAGTTTCTGTTGTATTTATTCCTTGTGGTCATCTGGTAGTATGCCAGGAATGTGCCCCTTCTCTAAGAAAATGCCCTATTTG	NA
7	1	ENSG00000110330	11	102347269	102350364	3096	+	ENST00000527465	protein_coding	102349918	102350364	ENSG00000110330	ENST00000527465	BIRC2	GATCCGAGCCGAGCGGGCCGTATCTCCTTGTCGGCGCCGCTGATTCCCGGCTCTGCGGAGGCCTCTAGGCAGCCGCGCAGCTTCCGTGTTTGCTGCGCCCGCACTGCGACTTTTCCCAGGTCCCTCGTATCAAAACATTAAGAGTATAATGGAAGATAGCACGATCTTGTCAGATTGGACAAACAGCAACAAACAAAAAATGAAGTATGACTTTTCCTGTGAACTCTACAGAATGTCTACATATTCAACTTTCCCCGCCGGGGTGCCTGTCTCAGAAAGGAGTCTTGCTCGTGCTGGTTTTTATTATACTGGTGTGAATGACAAGGTCAAATGCTTCTGTTGTGGCCTGATGCTGGATAACTGGAAACTAGGAGACAGTCCTATTCAAAAGCATAAACAGCTATATCCTAGCTGTAGCTTTATTCAGAATCTGGTTTCAGCTAGTCTGGGATCCACCTCTAAGAATACGTCTCCAATGAGAAACAGTTTTGCACATTCATTATCTCCCACCTTGGAACATAGTAGCTTGTTCAGTGGTTCTTACTCCAGCCTTTCTCCAAACCCTCTTAATTCTAGAGCAGTTGAAGACATCTCT	ATGGAAGATAGCACGATCTTGTCAGATTGGACAAACAGCAACAAACAAAAAATGAAGTATGACTTTTCCTGTGAACTCTACAGAATGTCTACATATTCAACTTTCCCCGCCGGGGTGCCTGTCTCAGAAAGGAGTCTTGCTCGTGCTGGTTTTTATTATACTGGTGTGAATGACAAGGTCAAATGCTTCTGTTGTGGCCTGATGCTGGATAACTGGAAACTAGGAGACAGTCCTATTCAAAAGCATAAACAGCTATATCCTAGCTGTAGCTTTATTCAGAATCTGGTTTCAGCTAGTCTGGGATCCACCTCTAAGAATACGTCTCCAATGAGAAACAGTTTTGCACATTCATTATCTCCCACCTTGGAACATAGTAGCTTGTTCAGTGGTTCTTACTCCAGCCTTTCTCCAAACCCTCTTAATTCTAGAGCAGTTGAAGACATCTCT	NA
8	1	ENSG00000110330	11	102347374	102378663	31290	+	ENST00000613397	protein_coding	102349855	102378183	ENSG00000110330	ENST00000613397	BIRC2	GCGGTGAGTGCTGCTCCTTCCGGGCTCGGGCGGCGTGGGGCGGGTGGGGACGCGAGGGCCCGCGGGGGCCCACTTCCCTGATGTGGCGGCGAACGAGGAAGGACGGGGCCTGAGGCCCTTCGGCCAAGGGTCGAGGGTCGCCGGGGGCTCTCTGCTTTCTACTCTCGCCAAGGTTTTATTGGATTCGGAAGCCCCAACTTCGAGACTTGCAGTCAAAGCGATTTTTAAAATGACTTGTTTTCAAGCCTCTGGCCGCCGCCCACTCTTCTGGCCCTTGGACTTTGACCAAGATGTTTTCTCGCAGTTTTTGCAAGGTTTTAAACTTAGCCCTCGGCGTTCTTTTAATGTAATACATTGAAACGAAGATATTTCGGTGGCGGCGATATTTCATATTTCATAGTTGCCACTGCGCTCTGTCATTCCAGTAGTCGTCTGTTGTGTATTGTGAGAAGCAACTCTGGGAAATTATTGGATTTACAACCCTGAAGAATCTCCCTATCCCTATTTTGTCCCCCTGCAGTAATAAATCCCATTATGGAGATCTCGAAACTTTATAAAGGGATATAGTTTGAATTCTATGGAGTGTAATTTTGTGTATGAATTATATTTTTAAAACATTGAAGAGTTTTCAGAAAGAAGGCTAGTAGAGTTGATTACTGATACTTTATGCTAAGCAGTACTTTTTTGGTAGTACAATATTTTGTTAGGCGTTTCTGATAACACTAGAAAGGACAAGTTTTATCTTGTGATAAATTGATTAATGTTTACAACATGACTGATAATTATAGCTGAATAGTCCTTAAATGATGAACAGGTTATTTAGTTTTTAAATGCAGTGTAAAAAGTGTGCTGTGGAAATTTTATGGCTAACTAAGTTTATGGAGAAAATACCTTCAGTTGATCAAGAATAATAGTGGTATACAAAGTTAGGAAGAAAGTCAACATGATGCTGCAGGAAATGGAAACAAATACAAATGATATTTAACAAAGATAGAGTTTACAGTTTTTGAACTTTAAGCCAAATTCATTTGACATCAAGCACTATAGCAGGCACAGGTTCAACAAAGCTTGTGGGTATTGACTTCCCCCAAAAGTTGTCAGCTGAAGTAATTTAGCCCACTTAAGTAAATACTATGATGATAAGCTGTGTGAACTTAGCTTTTAAATAGTGTGACCATATGAAGGTTTTAATTACTTTTGTTTATTGGAATAAAATGAGATTTTTTGGGTTGTCATGTTAAAGTGCTTATAGGGAAAGAAGCCTGCATATAATTTTTTACCTTGTGGCATAATCAGTAATTGGTCTGTTATTCAGGCTTCATAGCTTGTAACCAAATATAAATAAAAGGCATAATTTAGGTATTCTATAGTTGCTTAGAATTTTGTTAATATAAATCTCTGTGAAAAATCAAGGAGTTTTAATATTTTCAGAAGTGCATCCACCTTTCAGGGCTTTAAGTTAGTATTACTCAAGATTATGAACAAATAGCACTTAGGTTACCTGAAAGAGTTACTACAACCCCAAAGAGTTGTGTTCTAAGTAGTATCTTGGTAATTCAGAGAGATACTCATCCTACCTGAATATAAACTGAGATAAATCCAGTAAAGAAAGTGTAGTAAATTCTACATAAGAGTCTATCATTGATTTCTTTTTGTGGTAAAAATCTTAGTTCATGTGAAGAAATTTCATGTGAATGTTTTAGCTATCAAACAGTACTGTCACCTACTCATGCACAAAACTGCCTCCCAAAGACTTTTCCCAGGTCCCTCGTATCAAAACATTAAGAGTATAATGGAAGATAGCACGATCTTGTCAGATTGGACAAACAGCAACAAACAAAAAATGAAGTATGACTTTTCCTGTGAACTCTACAGAATGTCTACATATTCAACTTTCCCCGCCGGGGTGCCTGTCTCAGAAAGGAGTCTTGCTCGTGCTGGTTTTTATTATACTGGTGTGAATGACAAGGTCAAATGCTTCTGTTGTGGCCTGATGCTGGATAACTGGAAACTAGGAGACAGTCCTATTCAAAAGCATAAACAGCTATATCCTAGCTGTAGCTTTATTCAGAATCTGGTTTCAGCTAGTCTGGGATCCACCTCTAAGAATACGTCTCCAATGAGAAACAGTTTTGCACATTCATTATCTCCCACCTTGGAACATAGTAGCTTGTTCAGTGGTTCTTACTCCAGCCTTTCTCCAAACCCTCTTAATTCTAGAGCAGTTGAAGACATCTCTTCATCGAGGACTAACCCCTACAGTTATGCAATGAGTACTGAAGAAGCCAGATTTCTTACCTACCATATGTGGCCATTAACTTTTTTGTCACCATCAGAATTGGCAAGAGCTGGTTTTTATTATATAGGACCTGGAGATAGGGTAGCCTGCTTTGCCTGTGGTGGGAAGCTCAGTAACTGGGAACCAAAGGATGATGCTATGTCAGAACACCGGAGGCATTTTCCCAACTGTCCATTTTTGGAAAATTCTCTAGAAACTCTGAGGTTTAGCATTTCAAATCTGAGCATGCAGACACATGCAGCTCGAATGAGAACATTTATGTACTGGCCATCTAGTGTTCCAGTTCAGCCTGAGCAGCTTGCAAGTGCTGGTTTTTATTATGTGGGTCGCAATGATGATGTCAAATGCTTTTGTTGTGATGGTGGCTTGAGGTGTTGGGAATCTGGAGATGATCCATGGGTAGAACATGCCAAGTGGTTTCCAAGGTGTGAGTTCTTGATACGAATGAAAGGCCAAGAGTTTGTTGATGAGATTCAAGGTAGATATCCTCATCTTCTTGAACAGCTGTTGTCAACTTCAGATACCACTGGAGAAGAAAATGCTGACCCACCAATTATTCATTTTGGACCTGGAGAAAGTTCTTCAGAAGATGCTGTCATGATGAATACACCTGTGGTTAAATCTGCCTTGGAAATGGGCTTTAATAGAGACCTGGTGAAACAAACAGTTCAAAGTAAAATCCTGACAACTGGAGAGAACTATAAAACAGTTAATGATATTGTGTCAGCACTTCTTAATGCTGAAGATGAAAAAAGAGAAGAGGAGAAGGAAAAACAAGCTGAAGAAATGGCATCAGATGATTTGTCATTAATTCGGAAGAACAGAATGGCTCTCTTTCAACAATTGACATGTGTGCTTCCTATCCTGGATAATCTTTTAAAGGCCAATGTAATTAATAAACAGGAACATGATATTATTAAACAAAAAACACAGATACCTTTACAAGCGAGAGAACTGATTGATACCATTTTGGTTAAAGGAAATGCTGCGGCCAACATCTTCAAAAACTGTCTAAAAGAAATTGACTCTACATTGTATAAGAACTTATTTGTGGATAAGAATATGAAGTATATTCCAACAGAAGATGTTTCAGGTCTGTCACTGGAAGAACAATTGAGGAGGTTGCAAGAAGAACGAACTTGTAAAGTGTGTATGGACAAAGAAGTTTCTGTTGTATTTATTCCTTGTGGTCATCTGGTAGTATGCCAGGAATGTGCCCCTTCTCTAAGAAAATGCCCTATTTGCAGGGGTATAATCAAGGGTACTGTTCGTACATTTCTCTCTTAAAGAAAAATAGTCTATATTTTAACCTGCATAAAAAGGTCTTTAAAATATTGTTGAACACTTGAAGCCATCTAAAGTAAAAAGGGAATTATGAGTTTTTCAATTAGTAACATTCATGTTCTAGTCTGCTTTGGTACTAATAATCTTGTTTCTGAAAAGATGGTATCATATATTTAATCTTAATCTGTTTATTTACAAGGGAAGATTTATGTTTGGTGAACTATATTAGTATGTATGTGTACCTAAGGGAGTAGTGTCACTGCTTGTTATGCATCATTTCAGGAGTTACTGGATTTGTTGTTCTTTCAGAAAGCTTTGAATACTAAATTATAGTGTAGAAAAGAACTGGAAACCAGGAACTCTGGAGTTCATCAGAGTTATGGTGCCGAATTGTCTTTGGTGCTTTTCACTTGTGTTTTAAAATAAGGATTTTTCTCTTATTTCTCCCCCTAGTTTGTGAGAAACATCTCAATAAAGTGCTTT	ATGCACAAAACTGCCTCCCAAAGACTTTTCCCAGGTCCCTCGTATCAAAACATTAAGAGTATAATGGAAGATAGCACGATCTTGTCAGATTGGACAAACAGCAACAAACAAAAAATGAAGTATGACTTTTCCTGTGAACTCTACAGAATGTCTACATATTCAACTTTCCCCGCCGGGGTGCCTGTCTCAGAAAGGAGTCTTGCTCGTGCTGGTTTTTATTATACTGGTGTGAATGACAAGGTCAAATGCTTCTGTTGTGGCCTGATGCTGGATAACTGGAAACTAGGAGACAGTCCTATTCAAAAGCATAAACAGCTATATCCTAGCTGTAGCTTTATTCAGAATCTGGTTTCAGCTAGTCTGGGATCCACCTCTAAGAATACGTCTCCAATGAGAAACAGTTTTGCACATTCATTATCTCCCACCTTGGAACATAGTAGCTTGTTCAGTGGTTCTTACTCCAGCCTTTCTCCAAACCCTCTTAATTCTAGAGCAGTTGAAGACATCTCTTCATCGAGGACTAACCCCTACAGTTATGCAATGAGTACTGAAGAAGCCAGATTTCTTACCTACCATATGTGGCCATTAACTTTTTTGTCACCATCAGAATTGGCAAGAGCTGGTTTTTATTATATAGGACCTGGAGATAGGGTAGCCTGCTTTGCCTGTGGTGGGAAGCTCAGTAACTGGGAACCAAAGGATGATGCTATGTCAGAACACCGGAGGCATTTTCCCAACTGTCCATTTTTGGAAAATTCTCTAGAAACTCTGAGGTTTAGCATTTCAAATCTGAGCATGCAGACACATGCAGCTCGAATGAGAACATTTATGTACTGGCCATCTAGTGTTCCAGTTCAGCCTGAGCAGCTTGCAAGTGCTGGTTTTTATTATGTGGGTCGCAATGATGATGTCAAATGCTTTTGTTGTGATGGTGGCTTGAGGTGTTGGGAATCTGGAGATGATCCATGGGTAGAACATGCCAAGTGGTTTCCAAGGTGTGAGTTCTTGATACGAATGAAAGGCCAAGAGTTTGTTGATGAGATTCAAGGTAGATATCCTCATCTTCTTGAACAGCTGTTGTCAACTTCAGATACCACTGGAGAAGAAAATGCTGACCCACCAATTATTCATTTTGGACCTGGAGAAAGTTCTTCAGAAGATGCTGTCATGATGAATACACCTGTGGTTAAATCTGCCTTGGAAATGGGCTTTAATAGAGACCTGGTGAAACAAACAGTTCAAAGTAAAATCCTGACAACTGGAGAGAACTATAAAACAGTTAATGATATTGTGTCAGCACTTCTTAATGCTGAAGATGAAAAAAGAGAAGAGGAGAAGGAAAAACAAGCTGAAGAAATGGCATCAGATGATTTGTCATTAATTCGGAAGAACAGAATGGCTCTCTTTCAACAATTGACATGTGTGCTTCCTATCCTGGATAATCTTTTAAAGGCCAATGTAATTAATAAACAGGAACATGATATTATTAAACAAAAAACACAGATACCTTTACAAGCGAGAGAACTGATTGATACCATTTTGGTTAAAGGAAATGCTGCGGCCAACATCTTCAAAAACTGTCTAAAAGAAATTGACTCTACATTGTATAAGAACTTATTTGTGGATAAGAATATGAAGTATATTCCAACAGAAGATGTTTCAGGTCTGTCACTGGAAGAACAATTGAGGAGGTTGCAAGAAGAACGAACTTGTAAAGTGTGTATGGACAAAGAAGTTTCTGTTGTATTTATTCCTTGTGGTCATCTGGTAGTATGCCAGGAATGTGCCCCTTCTCTAAGAAAATGCCCTATTTGCAGGGGTATAATCAAGGGTACTGTTCGTACATTTCTCTCTTAA	NA
9	1	ENSG00000110330	11	102347374	102377913	30540	+	ENST00000621637	protein_coding	102349855	102377913	ENSG00000110330	ENST00000621637	BIRC2	GCGGTGAGTGCTGCTCCTTCCGGGCTCGGGCGGCGTGGGGCGGGTGGGGACGCGAGGGCCCGCGGGGGCCCACTTCCCTGATGTGGCGGCGAACGAGGAAGGACGGGGCCTGAGGCCCTTCGGCCAAGGGTCGAGGGTCGCCGGGGGCTCTCTGCTTTCTACTCTCGCCAAGGTTTTATTGGATTCGGAAGCCCCAACTTCGAGACTTGCAGTCAAAGCGATTTTTAAAATGACTTGTTTTCAAGCCTCTGGCCGCCGCCCACTCTTCTGGCCCTTGGACTTTGACCAAGATGTTTTCTCGCAGTTTTTGCAAGGTTTTAAACTTAGCCCTCGGCGTTCTTTTAATGTAATACATTGAAACGAAGATATTTCGGTGGCGGCGATATTTCATATTTCATAGTTGCCACTGCGCTCTGTCATTCCAGTAGTCGTCTGTTGTGTATTGTGAGAAGCAACTCTGGGAAATTATTGGATTTACAACCCTGAAGAATCTCCCTATCCCTATTTTGTCCCCCTGCAGTAATAAATCCCATTATGGAGATCTCGAAACTTTATAAAGGGATATAGTTTGAATTCTATGGAGTGTAATTTTGTGTATGAATTATATTTTTAAAACATTGAAGAGTTTTCAGAAAGAAGGCTAGTAGAGTTGATTACTGATACTTTATGCTAAGCAGTACTTTTTTGGTAGTACAATATTTTGTTAGGCGTTTCTGATAACACTAGAAAGGACAAGTTTTATCTTGTGATAAATTGATTAATGTTTACAACATGACTGATAATTATAGCTGAATAGTCCTTAAATGATGAACAGGTTATTTAGTTTTTAAATGCAGTGTAAAAAGTGTGCTGTGGAAATTTTATGGCTAACTAAGTTTATGGAGAAAATACCTTCAGTTGATCAAGAATAATAGTGGTATACAAAGTTAGGAAGAAAGTCAACATGATGCTGCAGGAAATGGAAACAAATACAAATGATATTTAACAAAGATAGAGTTTACAGTTTTTGAACTTTAAGCCAAATTCATTTGACATCAAGCACTATAGCAGGCACAGGTTCAACAAAGCTTGTGGGTATTGACTTCCCCCAAAAGTTGTCAGCTGAAGTAATTTAGCCCACTTAAGTAAATACTATGATGATAAGCTGTGTGAACTTAGCTTTTAAATAGTGTGACCATATGAAGGTTTTAATTACTTTTGTTTATTGGAATAAAATGAGATTTTTTGGGTTGTCATGTTAAAGTGCTTATAGGGAAAGAAGCCTGCATATAATTTTTTACCTTGTGGCATAATCAGTAATTGGTCTGTTATTCAGGCTTCATAGCTTGTAACCAAATATAAATAAAAGGCATAATTTAGGTATTCTATAGTTGCTTAGAATTTTGTTAATATAAATCTCTGTGAAAAATCAAGGAGTTTTAATATTTTCAGAAGTGCATCCACCTTTCAGGGCTTTAAGTTAGTATTACTCAAGATTATGAACAAATAGCACTTAGGTTACCTGAAAGAGTTACTACAACCCCAAAGAGTTGTGTTCTAAGTAGTATCTTGGTAATTCAGAGAGATACTCATCCTACCTGAATATAAACTGAGATAAATCCAGTAAAGAAAGTGTAGTAAATTCTACATAAGAGTCTATCATTGATTTCTTTTTGTGGTAAAAATCTTAGTTCATGTGAAGAAATTTCATGTGAATGTTTTAGCTATCAAACAGTACTGTCACCTACTCATGCACAAAACTGCCTCCCAAAGACTTTTCCCAGGTCCCTCGTATCAAAACATTAAGAGTATAATGGAAGATAGCACGATCTTGTCAGATTGGACAAACAGCAACAAACAAAAAATGAAGTATGACTTTTCCTGTGAACTCTACAGAATGTCTACATATTCAACTTTCCCCGCCGGGGTGCCTGTCTCAGAAAGGAGTCTTGCTCGTGCTGGTTTTTATTATACTGGTGTGAATGACAAGGTCAAATGCTTCTGTTGTGGCCTGATGCTGGATAACTGGAAACTAGGAGACAGTCCTATTCAAAAGCATAAACAGCTATATCCTAGCTGTAGCTTTATTCAGAATCTGGTTTCAGCTAGTCTGGGATCCACCTCTAAGAATACGTCTCCAATGAGAAACAGTTTTGCACATTCATTATCTCCCACCTTGGAACATAGTAGCTTGTTCAGTGGTTCTTACTCCAGCCTTTCTCCAAACCCTCTTAATTCTAGAGCAGTTGAAGACATCTCTTCATCGAGGACTAACCCCTACAGTTATGCAATGAGTACTGAAGAAGCCAGATTTCTTACCTACCATATGTGGCCATTAACTTTTTTGTCACCATCAGAATTGGCAAGAGCTGGTTTTTATTATATAGGACCTGGAGATAGGGTAGCCTGCTTTGCCTGTGGTGGGAAGCTCAGTAACTGGGAACCAAAGGATGATGCTATGTCAGAACACCGGAGGCATTTTCCCAACTGTCCATTTTTGGAAAATTCTCTAGAAACTCTGAGGTTTAGCATTTCAAATCTGAGCATGCAGACACATGCAGCTCGAATGAGAACATTTATGTACTGGCCATCTAGTGTTCCAGTTCAGCCTGAGCAGCTTGCAAGTGCTGGTTTTTATTATGTGGGTCGCAATGATGATGTCAAATGCTTTTGTTGTGATGGTGGCTTGAGGTGTTGGGAATCTGGAGATGATCCATGGGTAGAACATGCCAAGTGGTTTCCAAGGTGTGAGTTCTTGATACGAATGAAAGGCCAAGAGTTTGTTGATGAGATTCAAGGTAGATATCCTCATCTTCTTGAACAGCTGTTGTCAACTTCAGATACCACTGGAGAAGAAAATGCTGACCCACCAATTATTCATTTTGGACCTGGAGAAAGTTCTTCAGAAGATGCTGTCATGATGAATACACCTGTGGTTAAATCTGCCTTGGAAATGGGCTTTAATAGAGACCTGGTGAAACAAACAGTTCAAAGTAAAATCCTGACAACTGGAGAGAACTATAAAACAGTTAATGATATTGTGTCAGCACTTCTTAATGCTGAAGATGAAAAAAGAGAAGAGGAGAAGGAAAAACAAGCTGAAGAAATGGCATCAGATGATTTGTCATTAATTCGGAAGAACAGAATGGCTCTCTTTCAACAATTGACATGTGTGCTTCCTATCCTGGATAATCTTTTAAAGGCCAATGTAATTAATAAACAGGAACATGATATTATTAAACAAAAAACACAGATACCTTTACAAGCGAGAGAACTGATTGATACCATTTTGGTTAAAGGAAATGCTGCGGCCAACATCTTCAAAAACTGTCTAAAAGTAAAACAAAGATTT	ATGCACAAAACTGCCTCCCAAAGACTTTTCCCAGGTCCCTCGTATCAAAACATTAAGAGTATAATGGAAGATAGCACGATCTTGTCAGATTGGACAAACAGCAACAAACAAAAAATGAAGTATGACTTTTCCTGTGAACTCTACAGAATGTCTACATATTCAACTTTCCCCGCCGGGGTGCCTGTCTCAGAAAGGAGTCTTGCTCGTGCTGGTTTTTATTATACTGGTGTGAATGACAAGGTCAAATGCTTCTGTTGTGGCCTGATGCTGGATAACTGGAAACTAGGAGACAGTCCTATTCAAAAGCATAAACAGCTATATCCTAGCTGTAGCTTTATTCAGAATCTGGTTTCAGCTAGTCTGGGATCCACCTCTAAGAATACGTCTCCAATGAGAAACAGTTTTGCACATTCATTATCTCCCACCTTGGAACATAGTAGCTTGTTCAGTGGTTCTTACTCCAGCCTTTCTCCAAACCCTCTTAATTCTAGAGCAGTTGAAGACATCTCTTCATCGAGGACTAACCCCTACAGTTATGCAATGAGTACTGAAGAAGCCAGATTTCTTACCTACCATATGTGGCCATTAACTTTTTTGTCACCATCAGAATTGGCAAGAGCTGGTTTTTATTATATAGGACCTGGAGATAGGGTAGCCTGCTTTGCCTGTGGTGGGAAGCTCAGTAACTGGGAACCAAAGGATGATGCTATGTCAGAACACCGGAGGCATTTTCCCAACTGTCCATTTTTGGAAAATTCTCTAGAAACTCTGAGGTTTAGCATTTCAAATCTGAGCATGCAGACACATGCAGCTCGAATGAGAACATTTATGTACTGGCCATCTAGTGTTCCAGTTCAGCCTGAGCAGCTTGCAAGTGCTGGTTTTTATTATGTGGGTCGCAATGATGATGTCAAATGCTTTTGTTGTGATGGTGGCTTGAGGTGTTGGGAATCTGGAGATGATCCATGGGTAGAACATGCCAAGTGGTTTCCAAGGTGTGAGTTCTTGATACGAATGAAAGGCCAAGAGTTTGTTGATGAGATTCAAGGTAGATATCCTCATCTTCTTGAACAGCTGTTGTCAACTTCAGATACCACTGGAGAAGAAAATGCTGACCCACCAATTATTCATTTTGGACCTGGAGAAAGTTCTTCAGAAGATGCTGTCATGATGAATACACCTGTGGTTAAATCTGCCTTGGAAATGGGCTTTAATAGAGACCTGGTGAAACAAACAGTTCAAAGTAAAATCCTGACAACTGGAGAGAACTATAAAACAGTTAATGATATTGTGTCAGCACTTCTTAATGCTGAAGATGAAAAAAGAGAAGAGGAGAAGGAAAAACAAGCTGAAGAAATGGCATCAGATGATTTGTCATTAATTCGGAAGAACAGAATGGCTCTCTTTCAACAATTGACATGTGTGCTTCCTATCCTGGATAATCTTTTAAAGGCCAATGTAATTAATAAACAGGAACATGATATTATTAAACAAAAAACACAGATACCTTTACAAGCGAGAGAACTGATTGATACCATTTTGGTTAAAGGAAATGCTGCGGCCAACATCTTCAAAAACTGTCTAAAAGTAAAACAAAGATTT	NA
