gene_id	aso	effective	rc
InhibitorofApoptosis-2	ACTGAAGACATTTTGAAT	0.38	ATTCAAAATGTCTTCAGT
InhibitorofApoptosis-2	CTTAGAGGTACGTAAAAT	0.71	ATTTTACGTACCTCTAAG
InhibitorofApoptosis-2	GCACTTTTATTTCTTAGA	0.3	TCTAAGAAATAAAAGTGC
InhibitorofApoptosis-2	ATTTTAATTAGAAGCACT	1.0	AGTGCTTCTAATTAAAAT
InhibitorofApoptosis-2	ACCATATTTCACTGATTC	0.3	GAATCAGTGAAATATGGT
InhibitorofApoptosis-2	CTAACTCAAAGGAGGAAA	1.0	TTTCCTCCTTTGAGTTAG
InhibitorofApoptosis-2	CACAAGACCTAACTCAAA	0.73	TTTGAGTTAGGTCTTGTG
InhibitorofApoptosis-2	GCTCTGCTGTCAAGTGTT	0.43	AACACTTGACAGCAGAGC
InhibitorofApoptosis-2	TGTGTGACTCATGAAGCT	0.77	AGCTTCATGAGTCACACA
InhibitorofApoptosis-2	TTCAGTGGCATTCAATCA	0.77	TGATTGAATGCCACTGAA
InhibitorofApoptosis-2	CTTCTCCAGGCTACTAGA	0.5	TCTAGTAGCCTGGAGAAG
InhibitorofApoptosis-2	GGTCAACTTCTCCAGGCT	0.35	AGCCTGGAGAAGTTGACC
InhibitorofApoptosis-2	TAAAACCCTTCACAGAAG	1.0	CTTCTGTGAAGGGTTTTA
InhibitorofApoptosis-2	TTAAGGAAGAAATACACA	1.0	TGTGTATTTCTTCCTTAA
InhibitorofApoptosis-2	GCATGGCTTTGCTTTTAT	1.0	ATAAAAGCAAAGCCATGC
InhibitorofApoptosis-2	CAAACGTGTTGGCGCTTT	0.65	AAAGCGCCAACACGTTTG
InhibitorofApoptosis-2	AGCAGGAAAAGTGGAATA	1.0	TATTCCACTTTTCCTGCT
InhibitorofApoptosis-2	TTAACGGAATTTAGACTC	1.0	GAGTCTAAATTCCGTTAA
InhibitorofApoptosis-2	ATTTGTTACTGAAGAAGG	1.0	CCTTCTTCAGTAACAAAT
InhibitorofApoptosis-2	AGAGCCACGGAAATATCC	0.91	GGATATTTCCGTGGCTCT
InhibitorofApoptosis-2	AAATCTTGATTTGCTCTG	0.93	CAGAGCAAATCAAGATTT
InhibitorofApoptosis-2	GTAAGTAATCTGGCATTT	1.0	AAATGCCAGATTACTTAC
InhibitorofApoptosis-2	AGCAAGCCACTCTGTCTC	0.5	GAGACAGAGTGGCTTGCT
InhibitorofApoptosis-2	TGAAGTGTCTTGAAGCTG	1.0	CAGCTTCAAGACACTTCA
InhibitorofApoptosis-2	TTTGACATCATCACTGTT	1.0	AACAGTGATGATGTCAAA
InhibitorofApoptosis-2	TGGCTTGAACTTGACGGA	1.0	TCCGTCAAGTTCAAGCCA
InhibitorofApoptosis-2	TCATCTCCTGGGCTGTCT	0.6	AGACAGCCCAGGAGATGA
InhibitorofApoptosis-2	GCAGCATTAATCACAGGA	1.0	TCCTGTGATTAATGCTGC
InhibitorofApoptosis-2	TTTCTCTCTCCTCTTCCC	0.9	GGGAAGAGGAGAGAGAAA
InhibitorofApoptosis-2	AACATCATGTTCTTGTTC	0.91	GAACAAGAACATGATGTT
InhibitorofApoptosis-2	ATATAACACAGCTTCAGC	1.0	GCTGAAGCTGTGTTATAT
InhibitorofApoptosis-2	AATTGTTCTTCCACTGGT	1.0	ACCAGTGGAAGAACAATT
InhibitorofApoptosis-2	AAGAAGGAGCACAATCTT	0.3	AAGATTGTGCTCCTTCTT
InhibitorofApoptosis-2	GAAACCAAATTAGGATAA	0.88	TTATCCTAATTTGGTTTC
InhibitorofApoptosis-2	TGTAGTGCTACCTCTTTT	0.31	AAAAGAGGTAGCACTACA
InhibitorofApoptosis-2	CTGAAATTTTGATTGAAT	0.86	ATTCAATCAAAATTTCAG
InhibitorofApoptosis-2	TACAATTTCAATAATGCT	0.62	AGCATTATTGAAATTGTA
InhibitorofApoptosis-2	GGGTCTCAGTATGCTGCC	0.79	GGCAGCATACTGAGACCC
InhibitorofApoptosis-2	CCTTCGATGTATAGGACA	1.0	TGTCCTATACATCGAAGG
InhibitorofApoptosis-2	CATGTCCCTAAAATGTCA	1.0	TGACATTTTAGGGACATG
