uniq_id	occurrences
PIK3CD _ AGTCCACCCCAGGGGGCATC	2
PIK3CD _ ACTGCCTGTTGTCTTTGGAC	2
PIK3CD _ CTGGGAGGAGCCACTACTGC	2
PIK3CD _ GCCACTACTGCCTGTTGTCT	2
PIK3CD _ ACCAATGTGCTTGGTCCCCA	2
PIK3CD _ CGTTGCTCGTCCTCCAGCTC	2
PIK3CD _ CCAGGGCTGGGAGGAGCCAC	2
PIK3CD _ AGCTGCCAGAACTCAGTCTA	2
PIK3CD _ GGAAGCTGAAGTCTAGCAGC	2
PIK3CD _ CGGCTGCTCCAGGGACCACA	2
PIK3CD _ ACCCACTTGAAAAGTGGAGA	2
PIK3CD _ GGGGCATCCTGCGTTGTTAC	2
PIK3CD _ GGGCTGGGAGGAGCCACTAC	2
PIK3CD _ AATTCCCCAGAAAGTGGCCA	2
PIK3CD _ GGAGCCACTACTGCCTGTTG	2
PIK3CD _ CAGCCGAGAGCCAGGTGCAG	2
PIK3CD _ CTGCGTTGTTACTTCCCAGA	2
PIK3CD _ AATGAGTGTCATCCCGCCCT	2
PIK3CD _ TCCTGCGTTGTTACTTCCCA	2
PIK3CD _ GCGGCACGTCCTTGGTGGAC	2
PIK3CD _ GATGACAGTTGTCCTCTCTG	2
PIK3CD _ ATGAAGGAGGCGTTTCCGTT	2
PIK3CD _ CGGCCGCTCGTGCCGAATTC	2
PIK3CD _ GGAGGAGCCACTACTGCCTG	2
PIK3CD _ GGCAGATTAAAGATGCTTTA	2
PIK3CD _ GCATCCTGCGTTGTTACTTC	2
PIK3CD _ CCCCGGTCTTAAGCTGGTCC	2
PIK3CD _ GCGCAGCTGGCAGGGCTGGG	2
PIK3CD _ CCTCCTCTTGGGCCCAGGGC	2
PIK3CD _ GTCGGTTCTTTCCCGTTAGG	2
PIK3CD _ AGTAGGCACCAGGTGACCGC	2
PIK3CD _ ACTACTGCCTGTTGTCTTTG	2
PIK3CD _ GGCAGTCCACCCCAGGGGGC	2
PIK3CD _ TGGAATAGTCCAAGAAAGAC	2
PIK3CD _ CCTCGGGAGGAGAACAGTCT	2
PIK3CD _ AGACCCCTGTGGGCAGCAGG	2
PIK3CD _ GGACGGGCAGGAAGGGCTGC	2
PIK3CD _ CCCCAGGGGGCATCCTGCGT	2
PIK3CD _ CCACCCCAGGGGGCATCCTG	2
PIK3CD _ CAGGGGGCATCCTGCGTTGT	2
RELA _ ATGGAGGAGAAGTCTTCA	1
TERF1 _ CTCGGAGCGGCCGTCGCGGA	1
GNA13 _ TTGTACATCACTGTAGCA	1
GNA13 _ CATCTTGCCGCCGCCGCC	1
PRKAR2A _ GGATGTGGCTCATGCCGGCG	1
RHOB _ AGACCTCGCGCACGCCTT	1
RHOB _ GTAGTCGTAGGCTTGGAT	1
PRKCA _ GTTCTCGCTGGTGAGTTTCA	1
TERF1 _ TTTTACAAACACAATCAGTC	1
ETS2 _ CCAGAGACGATCAGGGAG	1
CTNNB1 _ ACCAGGGTGGTGGCCACCCA	1
DUSP8 _ TCACCTTGCCCTGCTGCAGC	1
E2F1 _ CACCCAGGCCTCAGTTCCTT	1
FGR _ ACTCATCTTGAACACATA	1
TRADD _ CCCGCCGCTCTCTGCCAA	1
PRKCA _ TGGAATCAGACACAAGCCGT	1
IKBKB _ ACTCAAAGGCCAGGGTGC	1
PIK3R1 _ GGAAACTGAGTCAAGCAA	1
DUSP9 _ TGGGCGATCGGCTCCCTACA	1
INPPL1 _ GGAGATGAACTGGGAGGT	1
KRR1 _ CAATGATTTCCCAAATTA	1
DUSP8 _ CACCATGCCCTCCTCGAACT	1
PRKACA _ TTGGCGCTTCGTTCATTTGC	1
PTEN _ GGGAGGTGCCGCCGCCGC	1
PYGL _ ATGCTTCTGATTTATCTCAT	1
PRKCA _ ATTTTCAGGCCTCCATATGG	1
RHOB _ CCACCACCAGCTTCTTGC	1
FGR _ GTAGGCACGGAGGTCACT	1
GNA12 _ TTTTCAGAATACTGCCAA	1
VCAM1 _ TTTAAGCAATCTTGCTATGGC	1
FGR _ AAAACTGACTGGGTGGGA	1
GNAI2 _ TGAGCAGGTGGACTGTGG	1
GNA13 _ CGCGCCCAGCAGCAGGAT	1
PIK3R1 _ GGCGGCCTTCTCATCCTC	1
CHEK2 _ AACATCCGACTCCCGAGACA	1
PTPN6 _ CGCATTTGTTCCGGCCTTTC	1
SMAD1 _ TCCTTCTGCTTGGAACCA	1
ABCC1 _ CGCGCTGCTTCTGGCCCCCA	1
PLA2G4A _ AAGGGATACGGCAGGTTA	1
DUSP9 _ CGAGCCCTCCTGCCCTCCCC	1
SMAD3 _ TGGGTTGAGTAGAGTTCC	1
EGR1 _ TATCCAAAATCCATGCAA	1
MAP3K1 _ TAGTTGATCTGTATAATTGG	1
PRKAR2A _ TTTAGTCCTGCTTCTAATCA	1
GNA11 _ TGTAGAGGATCTTGAGCG	1
GNA11 _ TCATCTTACTCCGCTCCA	1
TRADD _ GCTGCCCACCCACTCTTC	1
BIRC5 _ GGTTAATTCTTCAAACTG	1
PTPN6 _ TGCCGGCGCTGCAGTGCACG	1
MAP3K1 _ CAGTTTTGAAAACACATGGG	1
TFRC _ TATGATGGTTCACTCACG	1
AKT2 _ ATGATGACTTCCTTTCGC	1
SMAD6 _ TAAGAGGCCACAGCAGGCTC	1
GNA12 _ CTGGAGGAGACCATGAAC	1
GNA12 _ CCCTGATGCCAGAATCCC	1
MAP2K6 _ GAATTTATCTAGTGATGTAT	1
MAP2K6 _ CTTGCCTTTCGACTGAGACA	1
TRADD _ GTCCTTCAGGCTCAGCGG	1
GNA12 _ ACTAGGAAAGTAATTCAG	1
GNA11 _ TACTTGGCAGAGTCGGAG	1
IKBKB _ CTGTCCCAAGGCGCTCTT	1
AKT3 _ AACCTCCCACACATCATT	1
PIK3R1 _ GCTTGAGTGCTGGGAACA	1
PTEN _ GGTTGGCTTTGTCTTTAT	1
IKBKB _ GTCAGCCTTCTCATGATC	1
GNA13 _ GCGCTGGTCGAAGTCCTG	1
MAP3K1 _ CTGTAGTAACCATTCTTGCA	1
PRKAR2A _ GTGGCTCATGCCGGCGGCGG	1
TRADD _ GCCGCACTTCAGATTTCG	1
SMAD6 _ CTCATCCGGATAGTACACAT	1
TERF1 _ GCTTTTACAAACACAATCAG	1
PIK3R1 _ GACGTGCCTTTCTGCTAC	1
GNA13 _ GCCTCGCCACTCGTCAGC	1
GNAI2 _ AGTCCTTCAGGTTGTTCT	1
GNA12 _ AGGATGTTGTCGAAGATG	1
PIK3R1 _ CACCCTGGCATCCCAAAT	1
PLA2G4A _ AAACGCCCAAAACTCTGT	1
RIPK2 _ TTTCCTATGTAGGAGTTCAT	1
CHEK2 _ GAGAGCTGGGTCTGCCTCTC	1
PLA2G4A _ CTTGTTCATTTTAGCCCA	1
GNAI2 _ GGGAAGCAGATGGTCAGG	1
VCAM1 _ CACGAGGCCACCACTCATCTC	1
RELA _ TCACTAGGCGAGTTATAG	1
SENP1 _ TTCCTCCATTCCCAGTTC	1
VCAM1 _ CCCATTCACGAGGCCACC	1
GNA13 _ TATCCTTCACGTCGCGGA	1
EGR1 _ GGTGAAGAACTTGGACAT	1
EGR1 _ TGCTGTCGTTGGATGGCA	1
GNA11 _ CGGATCATGGCCTGCATG	1
TERF1 _ TTTAGGCAGGACGCAGTGGC	1
SMAD6 _ GGCTCAGAAGGACTTCCTGG	1
GNAI2 _ CGCAGAAGATGATGGCTG	1
SMAD3 _ GTGCGGGCGGCGAGGAGC	1
PLA2G4A _ GATGATGGTTGGGCAATC	1
PRKCA _ GAGACCCTGAACAGTTGATC	1
TRADD _ TCCAGGTTCTCCAAAAGC	1
BIRC5 _ TGTGCTATTCTGTGAATT	1
PLA2G4A _ TGAGCCCACTGTCCACTA	1
DUSP9 _ TGACAACACCAGTGATGGCA	1
NSMAF _ GTGATTCCAGTAACTGCT	1
AKT3 _ TCCCCTCTTCTGAACCCA	1
IL15 _ CCAGCTTCAGTTAGAAAA	1
ETS2 _ GGAACGGAGGTGAGGTGT	1
TRADD _ TCCTCTGCCAGGCTGGTG	1
NSMAF _ AATCTCTCCTTGGAGTAG	1
E2F1 _ GCCACTGGATGTGGTTCTTG	1
SELE _ GAAGTCAGCCAAGAACAGCT	1
GNA11 _ TGAGGAAGAGGATGACGG	1
PIK3R1 _ AGGGAGGCTGCCTTTTCC	1
GNA11 _ GTAGATGATCTTGTCGCT	1
GNA11 _ GTAGGTGATGATGGTCCG	1
GNA11 _ CTTGAGCTCGCGCCGGGC	1
PRKAR2A _ CACACCTACTGCCCGAGGTT	1
CHEK2 _ TTTTAATCTTGATGATGCAA	1
AKT3 _ GTAATAGTCTGAGCTGTA	1
SMAD1 _ CCTCAGCTGCCAATACCC	1
PRKCA _ CGCCGTGGAGTCGTTGCCCG	1
GNA13 _ TGCTCGGCCTCGCCACTC	1
SMAD6 _ AGGCTGCTGGAAAGAGTCAG	1
SMAD6 _ GGTAGGTCGTAGAAGATG	1
TFRC _ GCGGCTCCCTATGGCTGC	1
TRADD _ CCACCTTGTCCAGCGAGG	1
GNA11 _ TCTTTTATTGAGGTCTTC	1
SMAD1 _ CAGATGAAATAGGATTAT	1
TFRC _ CAACCCTAACTGTAGAAA	1
E2F1 _ ACACACACATGCTCACACAC	1
GNA11 _ CTTCACCTCATCGCTCAG	1
TRADD _ CCCAGCAAGTCCTCTGCC	1
RIPK2 _ CATGGTCCCGGGCGCTCAGG	1
INPPL1 _ CACCCCAATAAATAGGCA	1
TFRC _ ACGCCAGACTTTGCTGAG	1
AKT2 _ TGGACAGGGCACAGTCTC	1
GNA11 _ GATGAACTCCCGCGCCGC	1
E2F1 _ GCCGACGCCCACTGTGGTGT	1
TRADD _ AGCGGCACCGAGTGCTGG	1
PIK3R1 _ GTCCCCCGACTCCCTTGC	1
SMAD3 _ GAACTCCTGGTTGTTGAA	1
FGR _ CTCTGTGAAATTCGCAGT	1
GNAI2 _ GCGAACCCCTCCCCTACG	1
CTNNB1 _ CTGTCAGAGGAGCTGTGGCT	1
MAP3K5 _ CCAGAAGCTGCCCGGCGGCG	1
GNA13 _ TTGTTGGTTTGAGTTGTC	1
GNA11 _ TCCCCATAGCCCTAATGA	1
GNA11 _ TAGACGAGCTTGGTGAAG	1
EGR1 _ GGTAGGAAGAGAGAGAGG	1
PLA2G4A _ CATTTTAGCCCACTTTTC	1
SENP1 _ GATAAACTTCAATCACAT	1
RHOG _ AGGGCAGTGGTGGCACAC	1
PTPN6 _ AGCAGGGTCTCTGCATCCAG	1
GNA11 _ CTTGTCCTCCTCCGAGTA	1
TFRC _ AGGAAACCTGCTACATTC	1
SENP1 _ AGCAGTGTTCTGTTGTAT	1
PIK3R1 _ AAGGTGCTCTTCCCGCTC	1
PCK2 _ TTGCACGGCCACTGGCTCAC	1
TRADD _ GCCAGCAAAGCGTCCAGC	1
PRKACA _ CGGCGGCGGCGTTGCCCATC	1
PIK3R1 _ CTGCCTCTCTCTCCTCCG	1
SENP1 _ CTCAGTTGAAGGTTTTGC	1
TFRC _ TTACAACCTTCAGCAGAG	1
FGR _ ATTCTCTTTCTTCTTGGG	1
IL15 _ GCCCTGCACTGAAACAGC	1
MAP3K1 _ GGCAGCCGCGCGCGCGCTGC	1
AKT3 _ AAGGTAAATCCACATCTT	1
SMAD2 _ GATAGTAAACAGTCCATA	1
FGR _ CATCCCACTCATCTTGAA	1
TERF1 _ AATCAGTCTTCGCTGTCTGA	1
PIK3R1 _ CCACTAGAGTGCGCCAGA	1
SMAD6 _ CCATCTATGAGCACACTTCG	1
TFRC _ TAGAGTCTGTTTTCCAGT	1
IL15 _ CTGTTTTAGGAAGCCCTG	1
IL15 _ GCCTCCTACAATACAATC	1
PIK3R1 _ ACATTGAGGGAGTCGTTG	1
PTPN6 _ GCCTGGGCCAGCCTTGGGCT	1
PLA2G4A _ AGGCCATTATCATACGAT	1
PRKACA _ CCCATCGCGGCGGCGGCGGC	1
DUSP9 _ AGCGGCCCAGACCCTCCATG	1
NSMAF _ AGATCCCGGAAGGTTCCT	1
TFRC _ ACTGACCAGCGACCTCTG	1
INPPL1 _ CCTTGTCCACCTCACTGT	1
NSMAF _ TTCCATGTGCAGCTTTTC	1
SMAD3 _ GGTAGGGATTCACGCAGA	1
SMAD6 _ CCCAGGCGGAGGTCGGCG	1
MAP3K5 _ CCTCCGTGCTCATCTCTCCG	1
TERF1 _ ACAATCAGTCTTCGCTGTCT	1
IL15 _ GGGTGAACATCACTTTCC	1
GNAI2 _ GGCAGGCTTCAAACAGGG	1
FGR _ GACGCCACCCTGGGAACC	1
RHOG _ AGCTGGATGAACTGGTCA	1
RHOB _ ACCTCGCGCACGCCTTCC	1
CHEK2 _ AAACTTTCTCTTCATGTCTT	1
SMAD6 _ AGCTCGCGCGAACCCCTA	1
SMAD6 _ CATAAGAGGCCACAGCAGGC	1
SMAD6 _ CTCCGGCGCGCACGGGAACC	1
TRADD _ CCGTGTTATACTTTATTA	1
PTEN _ TGCTAGCCTCTGGATTTG	1
GNA13 _ CCGCTGTCTGCCCATAAT	1
PIK3R1 _ GTTCCAGGATAGTCCCAA	1
GNA11 _ ACTGCTTTGTATTGTTTA	1
RIPK2 _ ATACTTCATAAAATCAAATT	1
PRKAR2A _ CATGCCGGCGGCGGCCGAAG	1
PLA2G4A _ TTGTGAACCAGAAACGCC	1
SMAD1 _ GCTGGACTTGTAAAGGAA	1
CHUK _ AGTATCTGGCTTTCTTTA	1
SENP1 _ ATAATGAATAATGAGCAC	1
DUSP8 _ TTGCTGGCGTTGAGGACGTA	1
GNA11 _ GTTGAGTCGGGATGTAAT	1
SENP1 _ ACAATGAAAACAAACAAT	1
ABCC1 _ CGGGGCCGCAACGCCGCCTG	1
PTEN _ TGTCTCTGGTCCTTACTT	1
SMAD6 _ TTATAAGCCAAAGTGCGT	1
SMAD3 _ CTCTCTGGTAGTGGTAGG	1
AKT3 _ ACTGAAAAGTTGTTGAGG	1
CHUK _ ATCTTGGCTGCTTCAAAG	1
KRR1 _ ATCTGGTAAACCTTTTCT	1
BIRC5 _ ACTGTGGAAGGCTCTGCC	1
PTPN6 _ TCAGCCGCATTCACCCTCGT	1
TERF1 _ GGCAGGTTTGTTAGCTGAGT	1
ETS2 _ AATAGTCTGTGTGTGTCC	1
IL15 _ TTTAATCTTTACAATAAT	1
PIK3R1 _ TTCTCCTCCAGGCACTGG	1
MAP2K6 _ GATGCATATTAAATAATTTC	1
GNA11 _ GTGGCGATGCGGTCAACG	1
MAP2K6 _ TTTCGACTGAGACATTTTCC	1
AKT2 _ GAGCCACACTTGTAGTCC	1
SMAD6 _ CTGCTGTATCATTTTCTT	1
PTPN6 _ TGGTGCCGTCGCGGTCCTGC	1
PIK3R1 _ TCCATTTCTTACGCTCTG	1
AKT3 _ CAACCCCTAGGCCCCACC	1
ETS2 _ GGGTAATTCTGTGTCTGC	1
RIPK2 _ TCCCCGTTCATGGTCCCGGG	1
AKT3 _ TCATTAACTGGCATTTTG	1
TRADD _ CCGACAGAGAGGGCACCG	1
TERF1 _ AGTCTTCGCTGTCTGAGGAA	1
PRKACA _ GGAGCAGCTGGTGTTTCTGT	1
ETS2 _ CGGCGCTTGGTCGGGACG	1
SMAD6 _ CTACAGGTTGGCCACTCTGG	1
CTNNB1 _ TCAGCTTGAGTAGCCATTGT	1
GNA13 _ GGATCCCCTTCAAATTCT	1
RHOG _ AAAGCGTTAGTTGTGTAG	1
PRKAR2A _ ATCTGGATGTGGCTCATGCC	1
PIK3R1 _ ACCACAGAACTGAAGGTT	1
AKT3 _ AACTGTGTCTCATAATTT	1
GNA11 _ TCACCCTAAAATCCTAAG	1
NSMAF _ CCTCCTTCATAGGTCAGG	1
PRKAR2A _ ATAACTAAGCATTTGACATC	1
SMAD3 _ GCCCTGGTTGACCGACTG	1
GNA12 _ AAGATGTTCATGGACTCC	1
CHUK _ TAATCTGGATTTCATGGC	1
GNA12 _ GAAAGCCTCCCTGATGCC	1
WWP1 _ TATGAAAGATGGTCTGGATT	1
PRKACA _ GTTGCCCATCGCGGCGGCGG	1
VCAM1 _ CGTGATGAAGAAAATAGTGGTT	1
CTNNB1 _ TCGCCACACCTTCATTCCTA	1
SMAD6 _ CCAAAGAGCTGCTGGGAA	1
DUSP9 _ ATTAGGACGGCAGCCCGCGT	1
PTPN6 _ ACCCACGGGACAGCATCTCT	1
SMAD6 _ AGCTCCCTTCTTACTCCC	1
CHUK _ TGTGTAAGGCTTATTCTC	1
IKBKB _ TGTAAGTCCACAATGTCG	1
SMAD1 _ AAATGACATGAGGCAGTC	1
E2F1 _ ACACCACACAGACTCCTTCC	1
WWP1 _ CACCATAATCAAGTCCTTCT	1
CHEK2 _ TGAGATGACAGTAAAACATT	1
SENP1 _ TCACCTTATCTGTCATCT	1
SMAD1 _ GCAGCTCAAGGCCTTTTC	1
MAP3K5 _ ATGTCATTGAGTATAGATTC	1
GNA11 _ CCAGGTCGAAAGGGTACT	1
PYGL _ GGGCGGGACTTCTCCCAAGG	1
GNA11 _ AGATGATGTTCTCCAGGT	1
TFRC _ ATTCTTGCTTTCTGAGGT	1
DUSP8 _ GGGCAGCCCGGGCGCCGACA	1
SENP1 _ GTCTTTGACAGTATGATT	1
NSMAF _ TGGAAACACAGGGTACTG	1
MAP3K1 _ GTAGATATCAATGTGGTTCC	1
AKT3 _ AATCCACATCTTGAGGTT	1
GNA11 _ CACGTGAAGTGTGAGTAG	1
PLA2G4A _ CCCCTTTGTCACTTTGGT	1
SMAD6 _ GTCCAGCCACTGCAGTGGCC	1
SMAD1 _ CTGAAGATCGGGCCAGCG	1
WWP1 _ AAATAGTGCCATGGCAATAA	1
GNAI2 _ TGAAGTGTGTCTCCACGA	1
MAP3K5 _ TTCGTCCGCCTCCGTGCTCA	1
WWP1 _ CCTGGTGGCAAAGGTCCATA	1
ETS2 _ CGTCCCACGGACTGCCAG	1
CHUK _ TTACTGAGGGCCACTTCC	1
GNA11 _ CGCCTGCGGTCGTAGCAT	1
SMAD1 _ TCCATGGTTCACAGACTG	1
ETS2 _ TTGCAGTGTTTGCTCTTC	1
PCK2 _ CCCACAAACACCCCATGACG	1
SMAD2 _ CTCTCCTCCGCCTGCTCC	1
SMAD1 _ TGCTACTGTCACTAAGGC	1
TRADD _ TCTGTTGGTCCTTCAGGC	1
KRR1 _ TCCCAGCACTTTGGAAGG	1
WWP1 _ TGTCTTGATTTGGCTGCTTC	1
SMAD6 _ CCCCACGCTGCCCTCGGA	1
MAP2K6 _ GAGACATTTTCCCCTTTCCT	1
RIPK2 _ TTCATGGTCCCGGGCGCTCA	1
PTPN6 _ TCATGCTCCCCGCAGTTGGT	1
RELA _ TGTCCTTTTACGTTTCTC	1
BIRC5 _ GGCTGACAGACACACGGC	1
GNA12 _ TCGAAGATGGTGTCGCGG	1
ETS2 _ GGAGCTGAGCCGAGACTT	1
GNA12 _ GGCAGCGGCTGAGGGTCC	1
GNA11 _ TTCAACCTCCCCATAGCC	1
VCAM1 _ CCCTTATTTGTGTCCC	1
SMAD3 _ CTCCCCAGCCTTTGACGA	1
TRADD _ CGATTCACTACAGGCTGA	1
TFRC _ CACTTTGTTCAACTCAGG	1
DUSP8 _ ATCAGATCCTTGTTTAGGAC	1
PTPN6 _ ACGGGACAGCATCTCTCTGT	1
SMAD3 _ GGAGGGCGTGCGGGCGGC	1
RHOG _ GACCTGGTGCCCCTCCCG	1
CTNNB1 _ AGGTCCCAGCGGTACAACGA	1
EGR1 _ CTCGCCCGTGTCCGCCTG	1
CHEK2 _ ATTCTCTGGCTTTAAGTCAC	1
CHUK _ AAATATACACTTTGGATC	1
GNA13 _ AAGCAAGTCTGTCTTGTT	1
TERF1 _ TCAGTCTTCGCTGTCTGAGG	1
PYGL _ CCGCCCCGCCGCGCCAGGAG	1
AKT3 _ TAATTTCTTTTGCGTCAT	1
SENP1 _ AGATGTGTTGTCATTTTC	1
DUSP8 _ AGCTGGCCCAGGAAGTTGAA	1
TRADD _ AAGGTGAGGCTGATCTCC	1
CHEK2 _ AACTTCTTGACAAGGTCCAG	1
ETS2 _ ATCCGTCTCCAGTCCAGC	1
ETS2 _ GCGTGCAGTTCCTCGGGC	1
PIK3R1 _ ATTCTCCCAAAGCGTCCC	1
WWP1 _ ATACATTGGGTTCAAAACTT	1
BIRC5 _ GGCGCAGCCCTCCAAGAA	1
GNA11 _ CTGGATGCCCGGGTCCTC	1
WWP1 _ CTTTGTTCCCACCCTGATGG	1
PIK3R1 _ GATGAACCTCTTGGCTGC	1
FGR _ CTGCGCATGGAACTTCTG	1
AKT3 _ AGCTTCTGTCCATTCTTC	1
CTNNB1 _ TTGTCCACGCTGGATTTTCA	1
PCK2 _ TCCAGCCTGGCAGTGCAGGC	1
RHOG _ ACATTCACCTTCTCAGGA	1
MAP3K1 _ ATTGGGTACTGTAGTAACCA	1
IKBKB _ CCCCACATGTCTGCGTTG	1
NSMAF _ TTAAAATCCGTTGCACCA	1
PTEN _ CGAGAGGCGGACGGGACC	1
TFRC _ CAAAGTAAGCGAACCACT	1
KRR1 _ GACCCATCCCAAGTCCCT	1
TFRC _ GGAAACTGAGTGTGATTG	1
AKT3 _ CATCTTGAGGTTTCTCTT	1
AKT2 _ CTTGAGGCTGTTGGCGAC	1
VCAM1 _ CATCTCGATTTCTGG	1
PLA2G4A _ ATCAAGGGATACGGCAGG	1
SMAD3 _ CGATGTAGTAGAGCCGCA	1
RELA _ GATCTGACTCAGCAGGGC	1
IKBKB _ GGGAAGGTGACCAGCTCA	1
BIRC5 _ ATTCTCTAATCACACACA	1
AKT3 _ TTTGTGAAGTTGGACTAC	1
CHUK _ CTCTCCAAGTCAAGCTGA	1
PIK3R1 _ AGGTAGTACACGGCTGAA	1
TFRC _ GGTTTCTGAACAGCGTTT	1
GNA11 _ CTTTTACCAGATTCACCA	1
TRADD _ TCAGGGTCCCGTGGATGG	1
PIK3R1 _ GCCCTTTGCTTTCCAGAG	1
RIPK2 _ ATGTAACTAAATCTAGCTTT	1
E2F1 _ CTTCATTCCCCGGTACATGC	1
GNA11 _ GCCTTGTTCTGCTCGTAC	1
MAP3K5 _ TCCGCCTCCGTGCTCATCTC	1
RELA _ GCAGTCCTTTCCTACAAG	1
CHUK _ TAGAAGAGGCACATCATG	1
TFRC _ CACGAGGGTCGGTGTAGT	1
SMAD1 _ TGTTTGTGTCCATCGGCT	1
BIRC5 _ AGGGACACTGCCTTCTTC	1
SENP1 _ ACCACATTACAAAAGAAC	1
SMAD6 _ TGGGGGTGGTGGAGTGCATA	1
NSMAF _ ATCTGTCCTCCTTGTCTC	1
CHEK2 _ CCACGGAGTTCACAACACAG	1
CHUK _ ATACAGTTTTACTTTTAT	1
GNA13 _ GCAAGCAGAATATCTTGT	1
GNA11 _ CAAAGCCATCACCCTAAA	1
SMAD6 _ CTATGGAAATGCAGCTTAAG	1
PLA2G4A _ ATGTGAGCCCACTGTCCA	1
GNAI2 _ CTTGAAGGTGAAGTGTGT	1
TFRC _ CTCTGGAGATTGTCTGGA	1
WLS _ TGCTGTTCGTGCCCCCGCCG	1
SMAD6 _ GGAGTGCATAAGAGGCCACA	1
MAP3K5 _ CAAATTTAGAAATACTCACT	1
AKT3 _ AACCCAACCTTCTTTCAC	1
PIK3R1 _ TTCAAGTCTTCTTCCAAT	1
MAP3K1 _ GCAACCCTTTGAGAGTTTCT	1
GNA13 _ CACACGGACAGCACGGAC	1
SELE _ GGGGAGATAAAACACAAAATG	1
WWP1 _ TCCCAGACTGCTGCCGTACA	1
RIPK2 _ CCCGTTCATGGTCCCGGGCG	1
GNA12 _ GGTGCGCCTGTCCTCCAT	1
PYGL _ CCCATGTAAAATTCCAGAGA	1
NSMAF _ ATACAGTCTCTCAAAGGA	1
WWP1 _ GAGACGGAGATGAAGGTGTG	1
PTPN6 _ AACCACCCACGGGACAGCAT	1
DUSP8 _ CCCGTCGGGCGACGGCGTGC	1
ETS2 _ TTCTTTGGAATGCCCAGG	1
GNA11 _ ATCTGCTTGATGAACGTG	1
E2F1 _ GAACTCCTCAGGGAGGAGGC	1
AKT3 _ TTTGCCACTGAAAAGTTG	1
SMAD2 _ CTTCACCAGACTTTTCAC	1
IL15 _ TTCTCATTACTCAAAGCC	1
RIPK2 _ GGCCTCCCCGTTCATGGTCC	1
TFRC _ ATATTGAGCCTGTTAGCA	1
BIRC5 _ TCCCTCACTTCTCACCTG	1
CTNNB1 _ GCACGAACAAGCAACTGAAC	1
GNAI2 _ GGTTCATCTCCTCGTCCT	1
PRKAR2A _ GCAGCGGGCAATCTCGACCT	1
SELE _ CTTTCCTGGGGAGATAAA	1
SENP1 _ ATTCTCTGACCCTCAAAG	1
PIK3R1 _ GTGTAGTGGCTGAAAAGG	1
GNA11 _ GATGCTCGAAGGTGGTCA	1
FGR _ TGCACATTTGTCAGGTTT	1
GNA11 _ CTTGATGGCACTGACGTA	1
CHUK _ TGCCCAGCCGCTCCCGCA	1
PRKAR2A _ CTAGGAACTGGAACTTCCAA	1
GNA11 _ TCACCAAAGTCTATCTTC	1
RIPK2 _ ATCAGGCTGTTGACTTTATT	1
CTNNB1 _ GTCCTGAGCAAGTTCACAGA	1
PCK2 _ TTTCCAGGGTTTGCCCAGCC	1
SMAD6 _ TTCGCCGCACCGACTCGC	1
PIK3R1 _ TGTCTGGGTCCACCGTGC	1
NSMAF _ CCTTTCTATTTTATATGG	1
NSMAF _ GGCTCTATGCTGTTCAAA	1
DUSP8 _ GGCTGCTCCGACGGCCCAGG	1
E2F1 _ AACCTTTAAGACAGAAGTGC	1
CTNNB1 _ CCCCTCGCTCTCCGCTCCCG	1
DUSP8 _ GCTGGACCTCGCTCGCGCTC	1
CHEK2 _ AGCAGTCCCAACAGAAACAA	1
PCK2 _ TCACGCCGGAACCAGTTGAC	1
DUSP8 _ TTCTTTGCATTATATATAAT	1
GNA12 _ AGTGCTTCTTGATGCTCA	1
PCK2 _ TGCGGCCATGGCACCTGGGC	1
PLA2G4A _ ATAAGTCGGGAGCCATAA	1
SMAD6 _ GCTGTGTCTCTGGGCATC	1
BIRC5 _ CCTCTGCCAACGGGTCCC	1
CTNNB1 _ AAACTGTGTAGATGGGATCT	1
E2F1 _ CTGCAATGCTACGAAGGTCC	1
FGR _ TTCTGAATCAGGTAAAGG	1
TFRC _ GGAAAGGGAAAGCAGCAT	1
GNA12 _ CCCCGCCTTGTTCTCGAA	1
CTNNB1 _ CAAATCAGCTTGAGTAGCCA	1
TFRC _ TTACCCACCCAATGCTTA	1
RIPK2 _ ATTGCATCTTAGACAAGTAA	1
CTNNB1 _ GTTGTATGGTATACTTCAAA	1
PRKAR2A _ CTCATGCCGGCGGCGGCCGA	1
EGR1 _ GATGTCAGGAAAAGACTC	1
RELA _ CAATGTCCTCTTTCTGCA	1
CHEK2 _ TGTTCAAACCACGGAGTTCA	1
PRKAR2A _ TGTGGCTGACCAGAAGGTTT	1
PCK2 _ CTGCATGCAGCCTGGAAACC	1
RHOG _ GGGTGTCAGGCTGGGCTC	1
KRR1 _ GGATCCAGTGGTCTTGTT	1
PCK2 _ CCAGTCGGGTCATAATACGC	1
PTEN _ TGTGAAACAACAGTGCCA	1
AKT2 _ GTGAGCGACTTCATCCTT	1
DUSP8 _ AGGAGAGGTGCAGGCCGCGC	1
CHUK _ TTCCCGATGCTGGTACAG	1
SMAD6 _ CGCTCCGAAAAGAGACAG	1
GNA13 _ TCACGTTGCTGTAGATGG	1
CTNNB1 _ ACCAAGCATTTTCACCAGGG	1
BIRC5 _ ACAGTTGAAACATCTAAT	1
GNA12 _ GTCGTACTCGCTGGAGGA	1
CHUK _ TGAGCACACGGTCCTGAC	1
RHOB _ AAGCACATGAGAATGACG	1
PLA2G4A _ TGAGATTCAAGCCCAGCA	1
RELA _ GCTCAGGGATGACGTAAA	1
NSMAF _ ATCTGCCATAGAAGCATT	1
E2F1 _ GTGACACTATGGTGGCAGAG	1
SENP1 _ CTGTCCAATGACTTTGAG	1
RIPK2 _ AAATAACAGTCTTGAGCTTT	1
CHEK2 _ CAGTAGTTGTCATTCACACA	1
SMAD6 _ GCAGAGCCGGCTGAAGTG	1
PIK3R1 _ CTGAAAGTGACAGTGTTT	1
INPPL1 _ CCAACCTCAAATGTCCCA	1
MAP3K1 _ CAGAAATGTCCTCTGAACTG	1
PYGL _ TCCCGGTGTTGGTGTGTTCT	1
IL15 _ ATATTACTCAATGACATT	1
SMAD6 _ CCTAGCAGTCTCTTCACTGC	1
IL15 _ TTGTTATGTCTAAGCAGC	1
GNA12 _ ACAAGAACCCTTGAGCCC	1
E2F1 _ GCAGGCGCTTCAGACACTGC	1
CHEK2 _ CTCTCGAAAGCCAGCTTTAC	1
BIRC5 _ TCAGATTCAACAGGCACC	1
INPPL1 _ TGCCCCACCCCAACCAAC	1
AKT3 _ CTGTTTTCATTAACTGGC	1
IL15 _ CATAGCAAGTACATGACA	1
SMAD6 _ CAGCGAGTACGTGACGGT	1
TRADD _ TGCTCGTACAGTCCCTCG	1
AKT3 _ CCCACACATCATTTCATA	1
PRKACA _ CTTCTGTTTGTCGAGGATCT	1
RHOB _ CATAGTTCTCGAAGACGG	1
AKT3 _ AATGATTTTGCATCTGAA	1
TFRC _ CCGAGATGGTGGAAACTG	1
CTNNB1 _ CCCATAGGAAACTCAGCTTG	1
CHUK _ TTCTTGAGAACCAGTATT	1
DUSP9 _ TGGGCAGGGACACCCGTGGG	1
PRKAR2A _ ATGTGGCTCATGCCGGCGGC	1
GNA11 _ CACATTCTTAGTATCTGT	1
GNA12 _ CACATCCACCATCTTAAA	1
E2F1 _ GGGAGATGATGGTGGTGGTG	1
PCK2 _ TCACGAACCTCCTGTTCCCA	1
MAP3K1 _ ATTTCCACCTCATCTGCATA	1
CTNNB1 _ AGTAGCCATTGTCCACGCTG	1
RELA _ TCTGGAAACTGTGGATGC	1
INPPL1 _ GACAGCACCAGAGTAACC	1
AKT3 _ ATTATCAATTTGTGAAGT	1
KRR1 _ GGTTAGTTCTGGCTGACG	1
PCK2 _ TGCCTTCCCTATTCCCAGAT	1
PRKACA _ AAACCACTTGTGGTTCTTGA	1
RELA _ GTTGTTGGTCTGGATGCG	1
TFRC _ GTTATCGCCATCTACTTG	1
PTEN _ TCTGGATCAGAGTCAGTG	1
E2F1 _ TGGAGAGGGCCCACCCCACC	1
RHOG _ ACCTCTGGATGCCACTTG	1
GNA13 _ AAAAGATATTAAAACAGC	1
PIK3R1 _ CTTTACTTCGCCGTCCAC	1
TFRC _ AGAGGCAGTTCCCATTAC	1
SENP1 _ CAGATGTTTCAAAGAGAT	1
PIK3R1 _ TCATGGCCCGCATGGACA	1
SMAD2 _ GAGTGGTGATGGCTTTCT	1
MAP2K6 _ ACACATGGCAGGAGGGACAA	1
TFRC _ TTTAAGTCAAAAGGTCAA	1
MAP2K6 _ GCTCCAGGTCATCTGCCTTC	1
GNA13 _ AGCAGCAGGATCTTCACC	1
TRADD _ CCACGCTGAGTGTGAGCT	1
SMAD1 _ ACATTCATAATGACAGCA	1
GNA11 _ GCATTCGGTTCATTTCTT	1
SMAD1 _ CCTCCACTCCTCAGCTGC	1
CHEK2 _ GACTTCAGGAATGAAGTTGT	1
AKT3 _ CTCCACCAAGGCGTTTAT	1
PTPN6 _ CGCTCACTTCCTCTTGAGGG	1
GNA11 _ ATTTCCTTTGTGTCCTTT	1
WWP1 _ TGTTGTTATCTCTTATCCAG	1
KRR1 _ AAAAGGGTCATGGGAGAC	1
MAP3K5 _ GCCGGCTGACAAGTCGGCTC	1
FGR _ GCAAGCTACCTGTGGAGT	1
GNA11 _ CTCCACGTCCACCTCCCG	1
ETS2 _ CCGACGTCTTGTGGATGA	1
GNA13 _ CGTAGAATTAAGATTGTT	1
FGR _ GCTGTGCTTGGAGGCGAT	1
GNA12 _ GCGCCTTCTGGTCGAACT	1
GNA11 _ CTCCGCTCCGACCGCTGG	1
IKBKB _ GCTCAGGTAAGCTGTTGG	1
AKT2 _ CTACGGAGAAGTTGTTTA	1
CHUK _ ACAGACAGACGTTCCCGA	1
PYGL _ ATCAGAGACATCCTTCTCAG	1
SMAD2 _ TAAACCTAAGCAGAACCT	1
AKT2 _ TGGCATTCTGCTACGGAG	1
AKT2 _ ACTGTGTGAGCGACTTCA	1
SMAD1 _ TTGGTCACAGAGGTCAAG	1
PRKAR2A _ GGGTGTTGTACATCAGAGCT	1
RELA _ TCACACACTGGATTCCCA	1
BIRC5 _ GCTTCTTGACAGAAAGGA	1
PYGL _ GAAGTCCTTGAATACTTTAG	1
PRKAR2A _ TAATGAATGGGCCTTCAGAA	1
SMAD6 _ CCCGGGCAGCTGAGAGCCCT	1
NSMAF _ CACAGCATATACTCTGGT	1
DUSP9 _ GACAGAAATGAATGACTGTG	1
TFRC _ TATACCTTTACCTCCAAA	1
GNAI2 _ ACATCTTGAAGTGTAGGT	1
GNA13 _ CAAATCTTGGCGATGAGT	1
DUSP9 _ GGGCCCCGCAGCAGCAAAAG	1
GNA12 _ AGCCCTTGAGGATGTTGT	1
CHUK _ TTAAACTACAAAGGCTAT	1
WLS _ CAGGAGGTCCGATGGGGCGC	1
GNA13 _ GTTTCCTTTCTGATCTCT	1
AKT3 _ TGTAGAAAGGTAACCTCC	1
TRADD _ GGTATGCGCTGCCCACCC	1
TRADD _ CGCAGCGCATCCTCCAGC	1
RHOG _ TCTTCTGGACCCCTCTGG	1
E2F1 _ CCCATGGCTGTCAGTCAGTC	1
AKT2 _ ATGACAAAGGTGTTGGGT	1
SENP1 _ ACTTCCATCTCCCACTGA	1
DUSP8 _ GGCCAGCCGGTCCGCGCGTC	1
SMAD6 _ GGGGTGGTGGAGTGCATAAG	1
PYGL _ TCTGTCAGCGGTTCGCCCAT	1
IKBKB _ CTTCTGCTTGCAAACCAC	1
PYGL _ CCCCATTCCCAGAGATACTC	1
SENP1 _ ACTGCTATCCTGTCCAAT	1
FGR _ AGGGTTGCTCATAGTTGC	1
GNA13 _ AGCACACGGACAGCACGG	1
NSMAF _ TTTCCTTTCATGGTGACT	1
AKT3 _ GCCTCTGCAGTCTGTCTG	1
RHOG _ GAACACTTCCTTGACACC	1
VCAM1 _ ACGACCATCTTCCC	1
SMAD6 _ CAGCACCCCAACCCTTAACA	1
WWP1 _ AACTTCAGGTCATGTGAAGT	1
PLA2G4A _ ACCAGAAACGCCCAAAAC	1
AKT3 _ ATTTGGATCCTTTATCAA	1
DUSP9 _ CGAGCACCCCGCAGTTCTGG	1
PIK3R1 _ CCTTCAGCAAAACAAAAC	1
NSMAF _ TACACTGACATCATGTTC	1
PTEN _ CAGATTAATAACTGTAGC	1
TERF1 _ ACTGGCAAGCTGTTAGACTG	1
RELA _ TGCCCAGAAGGAAACACC	1
SENP1 _ CCCCTTCCCGACAGCACA	1
MAP2K6 _ ATCTGTTCCTTTGGATTCAT	1
NSMAF _ TGTCAGTAGTCTCTCCAG	1
SMAD2 _ AAACAGCCTCTTGTATCG	1
INPPL1 _ CAGGCGGTAGTTGAGGTC	1
PIK3R1 _ TTACGCTCTGACTTCTGG	1
PRKACA _ GAACATCTCCCCGCCGGGCA	1
INPPL1 _ CATGGCTGATACGGTTCT	1
KRR1 _ TGCTCCACATCTTAAAGG	1
AKT3 _ GTTGTAGAGGCATCCATC	1
TRADD _ AGCTGCCATCTCACCTCC	1
GNA13 _ GTCGATCTCCTTGGACTT	1
RHOB _ TGTGCGGACATGCTCGTC	1
DUSP8 _ GAGAGCTTGGCTTTATCGAT	1
AKT3 _ GGTTTAAGAGGAGGTACA	1
DUSP9 _ CCCATGAAGTTGAAGTTGGG	1
MAP3K1 _ GTTTCCAGATAGTTGTTGGG	1
PTEN _ GTGTCAAAACCCTGTGGA	1
PRKAR2A _ CTGGATGTGGCTCATGCCGG	1
GNA11 _ TCAGGTTCAGCTGCAGGA	1
EGR1 _ GAAAATGTCAGTGTTCGG	1
SENP1 _ CCTCAAAGAGAAACCTGA	1
TRADD _ GCCCGCAGAATCGCAGCT	1
DUSP8 _ AGAGGTGAGGCAGGATGCGG	1
ABCC1 _ GGTGATCGGGCCCGGTTGCT	1
SENP1 _ TTCATTGGAACACCCTGT	1
TERF1 _ TTAAACACTGGAACAAAAGT	1
CTNNB1 _ TAGCCATTGTCCACGCTGGA	1
CTNNB1 _ CATTGTCCACGCTGGATTTT	1
PIK3R1 _ GTCCCAGAACCCTGCCCA	1
WWP1 _ AACATTGAAGCCGAATAGAG	1
GNA11 _ GATGGTGTCCTTCACGGC	1
SMAD6 _ GGTGGTGGAGTGCATAAGAG	1
TFRC _ CAGCAAGTTTCATCTCCA	1
KRR1 _ TATCAAAGATAGCTTGGT	1
GNA12 _ GTGGACTTGCCGCTCTCG	1
GNAI2 _ CCCGCCCGACCCACCCGA	1
RHOG _ GCATCGTGGGTGCAGTTG	1
GNA11 _ CAAGTCATTCAAATAGTA	1
TERF1 _ GAAACCCCGCCTCTACTAAA	1
SENP1 _ AAATCCTTCCCCTTCCCG	1
PLA2G4A _ AGTGGATGATGGTTGGGC	1
MAP3K5 _ TCCGTGCTCATCTCTCCGGG	1
RIPK2 _ ATGGCCTCCCCGTTCATGGT	1
PRKAR2A _ TTTGTTGGTGACCAGGGCAA	1
RELA _ GCCGGTGAGGAGGGTCCT	1
DUSP9 _ CTCCTGCGAGTGGCGCTCCT	1
DUSP9 _ AGGAGCAGGAGCCGCGGCCG	1
AKT2 _ GATGGACTGGGCGGTAAA	1
DUSP9 _ CGTCGCGGCCGGGAAGTTTC	1
GNA12 _ GTTGAAGAAGAGCTTGTT	1
EGR1 _ TGGGTGCAGGCTCCAGGG	1
TRADD _ CCGAAGCGACCTCCCCGT	1
GNA11 _ AGAACAACTTTGGTCAAG	1
ABCC1 _ CCGGTGGCGCGGGCGGCGGC	1
SELE _ CGTTCTGCACTTACCGTTTTG	1
IKBKB _ CTCAGCTGGAAGAAGGCG	1
GNA13 _ AATTCTGGTTGTAAACTG	1
AKT3 _ GCGTTTATTTGGATCCTT	1
MAP3K1 _ GTCTGCCTTTTGTTTGAACC	1
SMAD3 _ GGCTGTAGTCGTCCAGTG	1
DUSP9 _ GCCACGCTCAGCGCCCCACC	1
PLA2G4A _ CCAAATAAGTCGGGAGCC	1
TRADD _ TGCGGTGGATCTTCAGCA	1
IL15 _ TTCAATAATAAATTAAAA	1
DUSP9 _ CCCAGGGCCGGGACCTGGGC	1
MAP3K1 _ CAGTCCGCCCGCTCGCGGCC	1
AKT2 _ ACCAGGATGACTTTGCCA	1
GNA11 _ ACGGCCGCGAACACGAAG	1
EGR1 _ CGGCAGGGTAGGCAGGAG	1
TFRC _ CACAGCAATAGTCCCATA	1
RHOB _ CTCGTCCTTACTGAACAC	1
INPPL1 _ CGCTCTCGCTGTCTCGGA	1
SMAD2 _ ACTGTAGAGGTCCATTCA	1
IKBKB _ ACTGGTTCAGGTACTTCC	1
GNA13 _ CACTTGAGGAAACAAGGA	1
GNA11 _ CGTCCTGCTGGGTGGGCA	1
MAP3K5 _ CATCTCTCCGGGCCGGGCAG	1
DUSP8 _ CTCAGGCCGCCCTCCCTGGC	1
PCK2 _ CTTTGTGTTCTGCTGCAGCA	1
SMAD2 _ TATTACAGTTTTGAGTGG	1
PLA2G4A _ ATAGCACTCCTTCAGCCC	1
AKT3 _ TTGGACTACAATTCATTC	1
PRKACA _ GGCATGCCCCTAAAACTCAG	1
GNA12 _ CCTGTCGAAGCACTGGAC	1
TFRC _ AAGCTGCTGCCTAAAGAC	1
TFRC _ GTCTGTTTTCTCAGCATT	1
PYGL _ CTGCAAGTCCTGGGTTGCAG	1
VCAM1 _ CCCAGGCATTTTAAG	1
TRADD _ CAGCGCCCGGCAGCCTCG	1
IKBKB _ GGGCTTCCACTGACAGGA	1
PCK2 _ TGAGGCCGCTGAGATCCAAG	1
MAP2K6 _ TATTTTCCCTGTCAATTACT	1
GNAI2 _ GAACATAAGCCAGAAGGG	1
GNA11 _ GCGAGTACAGGATCTTGT	1
CHUK _ CATAGTGGATGGCCTTTT	1
PTPN6 _ TCTCATCAGGGCCTAGCAGC	1
GNA12 _ TTGTTGACGATGGTCTCG	1
IL15 _ ATGCATCACCTTTAATCT	1
SMAD1 _ TGGATATGGTGAAATAAA	1
INPPL1 _ TCCCTCCCCAGACCCACA	1
TRADD _ GGAGGAAGCGGCCACAGG	1
PRKACA _ ACCCTCGCAGGATTGGCAGA	1
TRADD _ GATGCAACTCAAACAGCG	1
TERF1 _ GAGGTTCAGTGAGCTGAAAT	1
TFRC _ CGCTTTCCCGCTCCCCGT	1
SENP1 _ AACTTCCGCTACGCCTCG	1
EGR1 _ CATGGCACAGACACTGTA	1
GNA12 _ CTCGCGGCCGTGGATGAT	1
AKT3 _ CTCTTCTAAACCCAACCT	1
INPPL1 _ ATGTTGTCACTGCTCTGG	1
GNA13 _ CGGACCGCGACGGCAGGA	1
ABCC1 _ GCTCACACCAAGCCGGCGTC	1
GNA11 _ TGGCGGTGAAGATGTTCT	1
PLA2G4A _ GTGAACCAGAAACGCCCA	1
PTEN _ GGAAGAACTCTACTTTGA	1
RHOG _ TTGTGTAGCAGATGAGCA	1
TRADD _ CTGTTTTACTTCACTGCA	1
PIK3R1 _ ATCGTGCGCCCTTCTTGC	1
SMAD3 _ GCGCTGGTTACAGTTGGG	1
PCK2 _ GAGCTGCACCCCGATGCGGG	1
SELE _ CAGCCAAGAACAGCTGG	1
CHUK _ TATTTTATGTATTATCTT	1
ETS2 _ TTTCTTGGTTTTCTTTGA	1
PLA2G4A _ GTTCATTTTAGCCCACTT	1
GNA11 _ AACCAGGTCGTAGTCACT	1
DUSP8 _ GAGCTCGAGGACCACCCGCA	1
KRR1 _ TTGTGCTGTCTAGTAGTG	1
RHOG _ ACACCATCCTGTTGCAGG	1
PIK3R1 _ TTCTGGCACTTTCTATGA	1
PCK2 _ TTAAAATAGATAAGCATCTC	1
AKT3 _ CCATCTGTCTTCAAAAGG	1
AKT3 _ ACAATTCATTCTCTCCTC	1
MAP3K5 _ AGGGTTTCCAGGGTGGCGCC	1
WWP1 _ ATCATCAACTCTTCTTTCCC	1
SMAD6 _ GTGGAGTGCATAAGAGGCCA	1
ETS2 _ CTGCCTTTCCTGGGTCCT	1
CHEK2 _ TTTATTCCCCACCACTTTGT	1
MAP3K5 _ TCTAATGTTCAGGATTATTT	1
E2F1 _ GGTCCTGGGTCAACCCCTCA	1
GNA11 _ TGTTCTCCAGGTCGAAAG	1
FGR _ AAGCCAACGATGACCCTA	1
PTEN _ ATTACACCAGTTCGTCCC	1
AKT3 _ TTGGTCGTTCTGTTTTCA	1
SMAD1 _ ACAGTAGTAGGATGAAAT	1
GNA12 _ GAAGCGGACGTTCTCGGT	1
PCK2 _ GAGCATTCTCCCCAAAGCCT	1
INPPL1 _ ACGGTGGGATAGGAAGGT	1
PIK3R1 _ TTATTCATACCGTTGTTG	1
E2F1 _ GGACTTCTTGGCAATGAGCT	1
TRADD _ AAACTGTAAGGGCTGGCT	1
GNA12 _ CTCCAGCAGCGCCTTCTG	1
RHOB _ GATGCAGCCGTTCTGGGA	1
SMAD2 _ CACCCTTTCACAAAACTC	1
PLA2G4A _ GGTTGGGCAATCTTTCTC	1
SMAD6 _ TGTTAAGACACTGAAGAAAT	1
PRKACA _ TCCTTCAAGTCAGAGCTGAA	1
PIK3R1 _ TTTCTGCACGGAGAAGCA	1
E2F1 _ CACAGGAAAACATCGATCGG	1
IKBKB _ TGATGGCAATCTGCTCAC	1
DUSP9 _ CATGGGCGATCGGCTCCCTA	1
DUSP8 _ GTAGGTGGTGGCAGCCGTGG	1
FGR _ TTCATGGCACTGGTGGTA	1
PTEN _ TCTCCTCAGCAGCCAGAG	1
KRR1 _ TGGAAGTCATTATCAACA	1
PLA2G4A _ AGCACTCCTTCAGCCCTT	1
SMAD1 _ AGCATTCCAGTGGTTTTA	1
RHOG _ CAATTCCAAGAGCAGCGA	1
GNA11 _ CAATTCCTGTAGTTTTCA	1
GNA13 _ TCTTATAGCAGGAAGATA	1
PIK3R1 _ CGCATGGACACGAAGATG	1
PLA2G4A _ CACTGCCCCAGACACCCA	1
GNA11 _ TGATCCAAAGGCAGGTGT	1
PLA2G4A _ TAAATGTGAGCCCACTGT	1
RELA _ ACCTGGAAGCAGAGCCGC	1
CHUK _ TTCAGCCCACACTTTACG	1
WLS _ TCGGAGCCATCGGCGCTGCA	1
PIK3R1 _ CCACCACTACAGAGCAGG	1
BIRC5 _ CCGTGTGGAGAACGTGAC	1
AKT3 _ GGAAGTATCTTGGCCTCC	1
PRKAR2A _ CAATGACATGCTCATCAGCT	1
KRR1 _ CAAGTTGAAGAGACTGCA	1
SMAD2 _ TTCCTGCCCATTCTGCTC	1
MAP3K5 _ ATGTTGTTGGCCATGCTGAA	1
RIPK2 _ TGGTCCCGGGCGCTCAGGCC	1
SENP1 _ CAGTATGATTCTTTGAGT	1
GNA11 _ GCAGCAGCAGCTTGAGCT	1
PRKACA _ CATCGCGGCGGCGGCGGCCG	1
GNA11 _ CCATCCGGTTCTCGTTGT	1
TFRC _ TACCCAAATAAGGATAAT	1
TRADD _ CCCCGAGCCGCACTTCAG	1
E2F1 _ GCTCCAGGCTGAGTAGAGAC	1
TFRC _ ATTAAGTAGAGGACCTGG	1
SMAD6 _ CCTTCAAAAGTTGTGCGG	1
VCAM1 _ GGTTCCAAAACCCTT	1
PIK3R1 _ ATTTCCTGGGATGTGCGG	1
SMAD2 _ GCGGAAGTTCTGTTAGGA	1
PTPN6 _ GTGCAGGTTCTCATACACAT	1
SMAD6 _ GAGGCGCTGCGGAACTTGGC	1
SMAD1 _ AAGGGCTTCCTGGGTCTG	1
RHOG _ TGGAGAAGGGAGAGAGCA	1
PIK3R1 _ AAAGAAGGGATAAGCACT	1
E2F1 _ CAGCTGCTGCTCGCTCTCCT	1
SMAD6 _ TGCACCAGTGGCTCGGCT	1
PYGL _ AGTATTCTTTTGCCTCGTAC	1
GNA13 _ GACAGGCATTTGTCGATC	1
NSMAF _ TTTAGGTAGATGTCGGAA	1
E2F1 _ AGAAGTCCTCCCGCACATGC	1
E2F1 _ AAGTCCCGGCCACGGAATTC	1
RIPK2 _ TGCATAGCTATATATATCGT	1
ETS2 _ CTTAAAAGCACTGTGAGT	1
GNAI2 _ AGCCCATCCCGCCGTCCG	1
SMAD6 _ ACTGCCTTCTCTGCCCACTT	1
GNA11 _ ACCAGATTGTACTCCTTC	1
GNA13 _ CAATTTGCACCTTCTCCT	1
WWP1 _ CATAAGCAATTTGTGGACCA	1
GNA11 _ ACGTGCTCTTCCCGCTCT	1
MAP3K1 _ GGGGTACTGTAGTAACCATT	1
SMAD3 _ CTTCCGATGTGTCTCCGT	1
MAP2K6 _ CCTTTCGACTGAGACATTTT	1
NSMAF _ TATGACAGTGGCATCTCC	1
DUSP8 _ AAGCTGTCTGCGGCCAGCAC	1
MAP3K1 _ GGTACTGTAGTAACCATTCT	1
EGR1 _ ATGCCTCTTGCGTTCATC	1
MAP3K1 _ TTGTTGAACTAGAAGGTCCT	1
PCK2 _ GGGCCTCCCAGGCTGGGTCC	1
GNA12 _ ACTCGCTTCTCCGGCTGA	1
PCK2 _ GGCGGTACAATGCGGCCATG	1
SELE _ GATGTGAAGTCAGCCAA	1
GNA12 _ GCAGGATCTTCACCAGGC	1
GNA11 _ CACGCCATGATGGACTCC	1
PRKACA _ CAAACTGATCCAAGTGGGCT	1
AKT3 _ ATATACATCTTGCCAGTT	1
MAP2K6 _ GCCATAAAAGGTGACAGTGA	1
TFRC _ TTGGCTTCTGGTCCCCTC	1
NSMAF _ GTCTCCACAACATCTTCC	1
PCK2 _ TCACATTTTGTGCACACGTC	1
BIRC5 _ TTCTTGAATGTAGAGATG	1
PIK3R1 _ ATTCAGCATTTTGTAAGG	1
IL15 _ ACACAAGTAGCACTGGAT	1
CHUK _ TGTTCCAGAGATTCCATC	1
KRR1 _ TGTCCAGTTCTGCACTCT	1
PLA2G4A _ AAAGAGGTAAAGGGCATT	1
TFRC _ AAACCTTGAAGTTGCTGG	1
E2F1 _ GCGGCCCGGGTGACAGGCGG	1
TFRC _ CGGTTCCTGCCAGTCTCT	1
PTEN _ CCGGGTCCCTGGATGTGC	1
PRKAR2A _ CCATGCAGGGCCCCAGAAGC	1
SMAD2 _ GAGGTGGCGTTTCTGGAA	1
E2F1 _ TGAAAGTTCTCCGAAGAGTC	1
TRADD _ GGGCAGGTGGCGGCGGCG	1
IKBKB _ GACAACAGTCTTCTCATC	1
RHOB _ GACATGCTCGTCGCTGCG	1
SMAD6 _ TGGTGGAGTGCATAAGAGGC	1
KRR1 _ ATTCTCTTCTTGTGGGTG	1
PCK2 _ CTTGCCCAGCAGGGAGTTGC	1
INPPL1 _ CCTCATAACTTTTCAACC	1
AKT2 _ GCCTTGCTGACCGCCACT	1
PTPN6 _ GAAACCACCCACGGGACAGC	1
MAP2K6 _ TATCAAAGAATTACTCACTA	1
PRKAR2A _ GGATCTGGATGTGGCTCATG	1
TRADD _ AGTGCTGGGCGAGCGCGG	1
AKT2 _ CCGCATCCACTCCTCCCT	1
SMAD2 _ CTCACACCACTTTTCTTC	1
INPPL1 _ AAGTAGTTTTGGTTCCTC	1
GNA11 _ TGTCCTCCTCCGAGTAGC	1
PTEN _ ACTTCAGTTGGTGACAGA	1
MAP3K1 _ TACTGTAGTAACCATTCTTG	1
BIRC5 _ GACTTAGAATGGCTTTGT	1
IKBKB _ GAGGAGATTCATCATGGC	1
SMAD6 _ ACCAGCCCCGAGCGTTTG	1
RHOB _ CGTGGCCGTCTCGAAGAC	1
BIRC5 _ TCTTGGCTCTTTCTCTGT	1
RHOB _ GTTCTGGGAGCCGTAGCG	1
TRADD _ AATAGCCGCAGAAGGAAC	1
IL15 _ AAAAGAAAGGGAGGGAAT	1
AKT3 _ GCCCTGAAAGCAATGATT	1
WLS _ GCGGCGATGGGCGTGGCCAG	1
PIK3R1 _ ACGTAGCCCTCCTCGGTG	1
GNA11 _ AGCCCTAATGATAGCAAT	1
E2F1 _ TCTGCGAGGAGTCGAGCAGC	1
DUSP8 _ AGAGCGGGAGATGCCAGCCA	1
SELE _ TGAAGTCAGCCAAGAACAGCT	1
PTPN6 _ GCATCTCTCTGTAGGGAGGG	1
ETS2 _ TAAGGCTTGACTCATCAC	1
PCK2 _ GCGTTGGGATTGGTGGTGGC	1
CTNNB1 _ CTGGTCAGCTCAACTGAAAG	1
RHOG _ GTCAGCAAATGCGTAAGG	1
TFRC _ TTCTTTCAGGAATGAGGA	1
GNAI2 _ AGCTGGTATTCCCTTGAG	1
DUSP9 _ CAGCAGGGTGCCCAGCACCG	1
SENP1 _ TTCTTTTGGAGTATGATT	1
PRKCA _ TCAAATGGAGGCTGCCCGGC	1
GNA13 _ CCGCCGCCTCGCCGCCTC	1
RHOB _ GCCGTCTCGAAGACCTCG	1
GNA12 _ TCCATGAGGACCTGGTCG	1
GNA11 _ GTCAGGTAGTACTTGGCA	1
TRADD _ AGTGAGCGCCCCACCTTG	1
E2F1 _ CAGGCGGCGGCGGCGGCGCG	1
TFRC _ CTCATTGGCAAGAAAACA	1
PRKAR2A _ TTGAACCTCTGCCCATCCTT	1
PCK2 _ GGCACTAGGGAAGGCGGCTG	1
SENP1 _ TCCATCTCCCACTGAAAG	1
VCAM1 _ CCCGGCATCTTTACAAAACC	1
RHOB _ TTACTGAACACGATCAGC	1
PYGL _ TCCAACATTAAAGTCTCTGA	1
GNA12 _ ATGATGGAGACGTTGAAG	1
AKT3 _ ATTCTTCATCAAAATATC	1
GNA12 _ CAGCCGGTTGGTGCGCCT	1
RHOG _ ACGTTGGTCTGAGGGTAG	1
SMAD6 _ CGTGTTGATAGTTGCAGTTC	1
EGR1 _ CGCAGGCGAAGGGCTTTT	1
SMAD2 _ GGAAAGAGTAGTAGGAGA	1
TFRC _ ATTCTTATCTGGTCAGTG	1
FGR _ GTTATACCTTAGATACTG	1
IL15 _ CTTTTAATAAGCACTCTA	1
PRKAR2A _ TGCCGGCGGCGGCCGAAGGG	1
GNA13 _ ACCCTCATACCTTTGATC	1
GNA11 _ ATAAAGCCTTCTTCAGCA	1
SMAD2 _ CAGGTTCTGAGTAAGTAA	1
VCAM1 _ CCTGGGAGGGTATTC	1
SMAD3 _ TGCTCGCCCTTCTTCCAG	1
FGR _ GGCCCCAGCGCATCCTTG	1
PIK3R1 _ CCACTCCCACCTCCCACC	1
IL15 _ ATTTAGGTAAGCTACTCT	1
TFRC _ CATTCTGAACTGCCACAC	1
KRR1 _ TTGTGTATCACGCCTTTT	1
GNA12 _ TCCGGTCCAAGTTGTCCA	1
MAP2K6 _ TCGACTGAGACATTTTCCCC	1
GNA12 _ AAGTTGTCCAGGAAGTAC	1
PTEN _ TATTTTCATGGTGTTTTA	1
IL15 _ ACACCTACCTTTTAATAA	1
RHOB _ GAGTCCGGGCTGTCCACC	1
TERF1 _ AAGCTTTTACAAACACAATC	1
EGR1 _ ATGTCCGAAAGCCCTGTG	1
PYGL _ ATGCTCATGCCAAAGATGAA	1
SENP1 _ GCAGTAACTTCCGCTACG	1
TRADD _ CCCTCGCGCTCGTACTCG	1
MAP2K6 _ AAGAGAGGATTCAGGGAAGC	1
GNA12 _ CCTGAAGTCCGGGAAGTG	1
RIPK2 _ TTATCTGCAAAGGATTGGTG	1
RELA _ AGCTGAGCTGCGGGAAGG	1
RELA _ TAGCCATTGATCTTGATG	1
E2F1 _ CTCCCTCACTTTCCCAATAA	1
AKT3 _ GGAGTATCTACATGAAAT	1
ETS2 _ GGCCGGCTCAGGGTGGTC	1
PTEN _ GGATAAATATAGGTCAAG	1
PYGL _ CGGGCTGCGCAGAGAGCTGG	1
PIK3R1 _ GCTTCCTGTCCATCACTG	1
DUSP8 _ ACCTGGCTGCGTGCAGCCGG	1
SMAD1 _ TTTACAGAGAAGTCTCTT	1
PTPN6 _ CTCTTGAGGGAACCCTTGCT	1
CHEK2 _ CCATTGCCACTGTGATCTTC	1
PTPN6 _ CCACGGGACAGCATCTCTCT	1
TRADD _ CCCACCCCACACTCTATC	1
GNA11 _ TTGGCCTTGTTCTGCTCG	1
INPPL1 _ TCTGTGACTTCCCAATCT	1
BIRC5 _ GCCGAGATGACCTCCAGA	1
AKT3 _ GTAGTCCACTGGAGACAT	1
PLA2G4A _ GATGGTTGGGCAATCTTT	1
PIK3R1 _ CGCCCGCCGGTGCCGCCT	1
GNA11 _ TCATTTCTTCATCTTCAG	1
WLS _ CGCATCTCTGTCTCTCCTGG	1
AKT3 _ GTCTGCTACAGCCTGGAT	1
KRR1 _ TTAAACTCTTCACGTCCT	1
RELA _ ATGAGGAAGGACAGGCGG	1
E2F1 _ GGAGGACGGCCAGGGACAGG	1
PIK3R1 _ TGGAGAGATAGACCAGGA	1
BIRC5 _ TGTTGTTAAACAGTAGAG	1
PYGL _ CTTGACCAGCGTGAAGTGCA	1
PTEN _ GAATATATCTTCACCTTT	1
PCK2 _ AGACTAGGCCTCAGGTCACA	1
RELA _ GCACATCAGCTTGCGAAA	1
SMAD3 _ TCTTGAGTTTCTTGACCA	1
WWP1 _ CTGTTGGAAGGAATCTTCAA	1
PIK3R1 _ GGCTGCTGAGAATCTGAA	1
EGR1 _ CAAAAGGCACCAAGACGT	1
PTEN _ CCCCAATACAGATTCACT	1
GNA11 _ GCCATGATGGACTCCAGA	1
E2F1 _ GGACTCATGCACACACATGT	1
GNA12 _ CCGCTGGCCGCCCACATC	1
FGR _ CCAACATGCAAGATGCTA	1
DUSP8 _ CAGGCTTGCCCTCGCAGAGG	1
EGR1 _ GGAAGGGCTTCTGGTCTG	1
MAP2K6 _ AATTTTAAGGCCAGGGTTTC	1
GNA11 _ CTCGATCTCGGCGTTGAT	1
KRR1 _ ATAAAGATGGTAGTTGGC	1
PLA2G4A _ GCCCAAAACTCTGTTGAA	1
SMAD2 _ AAGTGCTTGGTATGGTAA	1
PRKCA _ AAAACGTCAGCCATGGTCCC	1
TFRC _ GTCTCCAGCACTCCAACT	1
PYGL _ TTGTCAATTTGATCAATGAC	1
PRKACA _ GGCGGCGGCGGCGTTGCCCA	1
WWP1 _ GTTGGTGCAAATGAGGATGA	1
PIK3R1 _ CCCGCACGTCCTTGAAGA	1
SMAD6 _ TGCTGTCACTCACGCACTCG	1
PTPN6 _ GATGTCAATGTCACAGTCCA	1
DUSP9 _ AGGCCCCAGCCCCGAGAGGC	1
GNA12 _ CCGTCGAAGCACTGGAAC	1
SMAD3 _ CCTCCCCATCCCAAGTCT	1
SMAD1 _ GTCCAGAAGAGTAGAAAT	1
PLA2G4A _ GAAAAGAGGTAAAGGGCA	1
PIK3R1 _ TCTCCTCCAGGCACTGGT	1
TFRC _ TTGGTTTTGTGACATTGG	1
CHUK _ AGAACACATTGAGAGGCT	1
BIRC5 _ CAAGTCTGGCTCGTTCTC	1
GNA13 _ ATATTGTAAGAAAACCCT	1
SMAD3 _ CTCTGGGTTTGCTCGTGT	1
MAP3K5 _ CGTCCGCCTCCGTGCTCATC	1
WWP1 _ AAATAACGGAAGTGAGCAAG	1
PRKACA _ GGCGGCGTTGCCCATCGCGG	1
GNA13 _ GAAATAGTCTTTGATGCT	1
TRADD _ GGAACAGAAAAGTCTGGG	1
WLS _ ACCGGATGGCGGTGGCTGCT	1
SENP1 _ GTTTCTTGAGATGTGTTG	1
PRKCA _ CTGCCTCAGCGCCCCTTTGC	1
RIPK2 _ AAAACAGTCACTTACATGCT	1
MAP2K6 _ GTTTCTCTTGACCGATGCAG	1
PCK2 _ CACCGTCTTGCTCTCTACTC	1
GNA12 _ AATTCAGCTGGCCGATCC	1
GNA11 _ CGTCTCCATGGCCCGGAT	1
GNA12 _ TCTGGTCGAACTCGCGGC	1
TFRC _ AATTATGGGAAACACTGT	1
GNA12 _ CTCAGGGCCGGGACGTAC	1
AKT3 _ TTGGCTTTGGTCGTTCTG	1
TFRC _ TCAACCTGGTATCTCCTA	1
PIK3R1 _ GTCTTCAGTGTTTTCATT	1
GNA11 _ ATGTTCTCCGTGTCGGTG	1
TFRC _ TTCTCCACCAAACAAGTT	1
PYGL _ CCACATTGGCCCCATCCATG	1
SMAD6 _ CACTCTCGGGCAGCCAGC	1
E2F1 _ GATTCTGGGAGCAGGCACTG	1
PIK3R1 _ AGGTGACACGCCCGGAGA	1
AKT3 _ CTGAAGAGAGTGTTCGAG	1
CHUK _ CTTCTGCTTACAGCCCAA	1
PRKAR2A _ TACTAAAATGTCATAAGTTC	1
FGR _ TCAGCAGTGTCAGCAATA	1
TRADD _ GGATGGGAGAAGGTGAGG	1
PTPN6 _ GGGAGAATGTTCTTGTAGCG	1
MAP2K6 _ TTGGAGTCTAAATCTCTAGG	1
BIRC5 _ TACGCCAGACTTCAGCCC	1
INPPL1 _ CCATAGTCCGAGGGCAGT	1
MAP2K6 _ CATTAGAAGGCTTGACGTCT	1
KRR1 _ ATTTTATAGATTCATCTG	1
GNA13 _ CGTTTGTTCCGGAAACAT	1
IKBKB _ AGGGTGCAGAGGTTATGT	1
CTNNB1 _ TTATTGCAAGTGAGGTTAGA	1
GNA13 _ TTGAGGTTGTCATGCAGA	1
PTEN _ CGGGCGCCTCGGAAGACC	1
CHEK2 _ TCCACAGCACGGTTATACCC	1
GNA11 _ TAAAAGAGACCACAATCT	1
TRADD _ TGCGGGTCGCTGCGGTGG	1
CHEK2 _ TATTCATCTCTTAATGCCTT	1
CTNNB1 _ AGGCTAGGGTTTGCTAAATT	1
PRKACA _ AGCACAAATGAGAAAGTGGG	1
RHOB _ TCGGCCACATAGTTCTCG	1
SMAD6 _ GCTCCCATCCTCGTCGCC	1
MAP3K5 _ GAACTATCTGATTGTCATGG	1
GNA12 _ GGGACGTACAGCTGGAAG	1
NSMAF _ GCCGTGCCTCCTTTTGTA	1
KRR1 _ CCATATAATTGTAGGCTC	1
MAP3K5 _ TCTCTCCGGGCCGGGCAGCA	1
IKBKB _ TGCACGGGCTGCCAGTTG	1
TFRC _ TCATTTTATCCAGCAGAA	1
EGR1 _ TCTGCTTTCTTGTCCTTC	1
ETS2 _ GGCTGGCGCTTGAGTGTC	1
MAP3K1 _ GTTGTCGTTGTAAAGTGTCT	1
RIPK2 _ AGGCTTCTGTCATTTGGTTC	1
GNA12 _ CTGAGGGTCCGCACCACC	1
VCAM1 _ CCACCACTCATCTCG	1
GNA12 _ CGAAGGCCATCAGGAACA	1
BIRC5 _ GAGGAGCGGCCAGCATGT	1
GNA13 _ GAGCATCAACCAGCACCC	1
SMAD2 _ TGTTGGTCACTTGTTTCT	1
GNA11 _ GTATAATGGATGTATCTG	1
AKT3 _ TGTTCTCTCTATAACAGT	1
PIK3R1 _ AGGGAATAAATACAAAAG	1
TRADD _ CAGGCCGCCATTGGGATC	1
PIK3R1 _ TGTCCTGGTGAGAGGCAG	1
AKT2 _ CTCCTTGGCATCGCTGGG	1
IL15 _ AAGAAGTGTTGATGAACA	1
PTPN6 _ ATGTGGCCATGGTACCACCT	1
INPPL1 _ TTGCGGCTCCCTGACCTG	1
SMAD2 _ CTTCCATCCCAGCAGTCT	1
MAP3K1 _ ACCATTCTTGCAGAACTCAA	1
FGR _ GGACATAGCAAGTCATCT	1
PTEN _ TTAAATTTGGCGGTGTCA	1
PIK3R1 _ GACTTCCTTGCCTGAAAC	1
GNA11 _ TAGATAAGGGCTGTAATG	1
GNA12 _ TTCATGGACTCCACCAGC	1
GNA13 _ GATCTCCTTGGACTTGCG	1
TRADD _ AGTTGCAGCGGCACCGAG	1
FGR _ TGCCTTCCAGGTTCACTA	1
SMAD6 _ GCGCGTCCGGTGCTCCCA	1
TFRC _ GGGTTTTATTAGCAGATG	1
SMAD2 _ GAGACCTGGTTTGTTCAG	1
KRR1 _ AGTCTGTTCATCATCTTC	1
RHOB _ AACTCGTCCTTACTGAAC	1
RELA _ GGATGCGCTGACTGATAG	1
BIRC5 _ TCTTATTGTTGGTTTCCT	1
GNA12 _ GGTGGAAGAGTGGCTTGC	1
CHEK2 _ AGGAATAGAATAGAGTTCCT	1
SMAD6 _ GCACAGCCTGTCTTCAAA	1
TRADD _ GCTCGTACTCGTAGGCCA	1
PIK3R1 _ CTCATAGCAGGCCCGGAT	1
EGR1 _ GTTTGATGAGCTGGGACT	1
TFRC _ TATTGTCAGCATTTTCTT	1
WWP1 _ TCCCATTGCGAGGATCTTTG	1
TRADD _ TCTATCAAAGTACCTGAG	1
SMAD1 _ GTAGGTGCTGCTGCTGCT	1
PRKAR2A _ CAGGAACAGTTCTGTCATGT	1
TFRC _ TCCAGGTGTGTAAGGGTC	1
KRR1 _ CCATGTAGTAGAGGGTGC	1
TFRC _ CGGATGCTTCACATTTTG	1
CHUK _ ATTGGCATGGTTCAACTT	1
MAP3K1 _ AATCCTTTTCCAGTTTTCTC	1
WWP1 _ TAAGCGCCTCCTCAAGTCAT	1
AKT2 _ CCAATGAAGGAGCCGTCG	1
E2F1 _ ATGTCATAGATGCGCCGCTT	1
PYGL _ GGTGTTGACAGTGTTATTCA	1
MAP3K1 _ GTAGTAACCATTCTTGCAGA	1
WWP1 _ AACAGTAGTACTAGTGCAAT	1
GNA11 _ GCTGAGGGCGACGAGAAA	1
PTEN _ TGAAGAATGTATTTACCC	1
FGR _ GAAGCATATGTAAAGATA	1
PCK2 _ TCCATCACAGATGTGGATGC	1
CHUK _ GCTGTCACTGTAGGAGTG	1
E2F1 _ GGGCCGGTGGGAGCCGGCGG	1
ETS2 _ TTTCCTCTTTCCCCACCG	1
CHEK2 _ CGTGCTGGTAGAGGAGCTGG	1
PTEN _ ATTGTTGCTGTGTTTCTT	1
SMAD1 _ TAACATTGGAGAGCAGCC	1
SENP1 _ CCAGGAGTGAAGTAATCA	1
RIPK2 _ GTGCTCGGTGAGGTATATCA	1
CHUK _ CTTAGCTCTAGGCGACAA	1
SMAD2 _ AAACTTCCCCACCTATGT	1
TFRC _ TTAACAACAACAGGAAAG	1
SMAD2 _ GGTAACACATTTAGTATT	1
E2F1 _ TTGCTGATTCCCCAGGCTCA	1
TERF1 _ CTTTCTGAGAGATTATCAT	1
EGR1 _ TCTCCTCCTCCTGTCCTT	1
AKT2 _ ATGACCTCCTTGGCATCG	1
PIK3R1 _ CCTCCACAGCCACTGCAT	1
MAP3K5 _ CTTGAGGTACCATGCTGGTG	1
ETS2 _ TCGTAATAGTAGCGTAAG	1
BIRC5 _ ACAGGCAGAAGCACCTCT	1
BIRC5 _ GGTCGTCATCTGGCTCCC	1
E2F1 _ CGATCGGGCCTTGTTTGCTC	1
EGR1 _ TGCGGATGTGGCGGGTGA	1
IKBKB _ ATCCTAGGTCAATAATTT	1
RELA _ AGCCTGGTCCCGTGAAAT	1
GNA12 _ AAGTCATGCTCCACAATT	1
WLS _ GCTCACACCAAGCCGGCGTC	1
AKT3 _ TCTCATGGTCCTGGTTGT	1
TRADD _ GCATCCGACAGGACCACC	1
CHUK _ TCAATACGAGACTGTAGT	1
MAP2K6 _ CTACAAATCTACTTATAATT	1
PRKACA _ TGGCTCCCCAGCGGCTCCCC	1
GNA13 _ ATGTTCTCCGTGTTGATA	1
GNA11 _ TTAAGAACATTTCAATAA	1
SMAD3 _ AGACCAAATGCCATCCCA	1
GNA13 _ TGAGTTGTCTCCCCAGGG	1
AKT3 _ CTTTTGCGTCATCTGGTC	1
IL15 _ CTGAACTGAGAGTCAGAT	1
AKT3 _ TCTTCTTGCCTCTGCAGT	1
PRKAR2A _ GCGGCCACTGTCTCCGCGCT	1
VCAM1 _ CTTGAACAATTAATTCCACCT	1
GNA12 _ CACAATTCCCTTGGTGGC	1
CHEK2 _ CAGAGTGAAAGAAGGACATT	1
FGR _ TGCACTTCATCTATGTTG	1
PCK2 _ AATGCCAGTGGGAAGCTGGC	1
DUSP9 _ CGGCCCAGACCCTCCATGGG	1
BIRC5 _ AAGCAGCCACTGTTACCA	1
RHOB _ ATGTTCTCCAGCGAGTCC	1
SMAD6 _ CCTCCGCCCTCTCTTGCC	1
GNA13 _ TCGAAACATTCAAACCAA	1
AKT2 _ GTCTTGATGTATTCACCA	1
PIK3R1 _ TTCTCCTGTCCACTAGAG	1
TERF1 _ GACATCAAGATGATCATAGT	1
SMAD2 _ AGATTACAGCCTGGTGGA	1
PTEN _ CAAGATCTTCACAAAAGG	1
RHOG _ GAGGGCAGAGGTTAGAGA	1
GNA12 _ ACGTGGACTTGCCGCTCT	1
PTPN6 _ GACAGCATCTCTCTGTAGGG	1
CTNNB1 _ GTACGCACAAGAGCCTCTAT	1
NSMAF _ TGTGTGGCCCTGTATTCT	1
SMAD3 _ ACATTCGGGTCAACTGGT	1
E2F1 _ TCCTGCAGCTGTCGGAGGTC	1
DUSP8 _ GACTGAAGGTGGCCTCGTAT	1
SMAD2 _ GGCAAAACTGGTGTCTCA	1
SMAD6 _ TTGGTATCGATAGCACTACA	1
KRR1 _ TTTCCCCATTCTCCAGCT	1
CHEK2 _ CAGTGTCCCAGAGCTGGAGT	1
RHOB _ TGCGGGCCAGCTCTGTGC	1
MAP3K1 _ GCACTAGTTTGGGCTTTTGC	1
RIPK2 _ TTACATGCTTTTATTTTGAA	1
MAP3K5 _ TCTGCTTTCAGTGTCCGTGA	1
AKT3 _ GAGACATCTGATTATAAA	1
PIK3R1 _ CTTTCAAAGGAGGGAAAC	1
PIK3R1 _ GATGCGCTCCAGGTGGGA	1
MAP3K1 _ AGTAACCATTCTTGCAGAAC	1
GNAI2 _ GCGCTTATTCAGGTCCTC	1
VCAM1 _ ACCTGTGTGTGCCTGGGAGGG	1
TRADD _ GGTTCCCACGCCCGCCAG	1
AKT3 _ GCGTCATCTGGTCCTCCA	1
E2F1 _ CGGCGGGCGGCCGAGCGCGG	1
MAP2K6 _ GTTTCTGTTCCTGGCTATTT	1
TFRC _ TTTAGCATCAAATGAAGT	1
MAP3K1 _ GAGAAAACTTGCGCTGTGTT	1
VCAM1 _ CAGATCAGGGAACTCCTC	1
SMAD1 _ AGTGAGGAAACGGGTGGC	1
E2F1 _ TATTAAAACCAAAGCAGGAG	1
DUSP9 _ AGAAGAGGCAGGCTCCGAGC	1
TFRC _ CCGCCACAGCCCCTTCCC	1
E2F1 _ TGCACACACAGAGGTGTATG	1
TFRC _ CCACGAGCAGAATACAGC	1
MAP2K6 _ CTTCACCCCGAAACCCACCA	1
BIRC5 _ TCGCAGTTTCCTCAAATT	1
GNAI2 _ CCCTCCAGACGCAGCCTT	1
PIK3R1 _ ACAGTGTTTTCCGCGGT	1
GNA12 _ GCGCATCTGCTTGAGGAA	1
PRKACA _ CAGGCAGCCCCTCCCCAGCA	1
AKT3 _ CTATGAATGAGCCATCTG	1
RIPK2 _ CACCAAGGGCAATTTCATGC	1
E2F1 _ GTGGTCAGATTCAGTGAGGT	1
AKT3 _ GCCAGTTTACTCCAGAGA	1
FGR _ CTGTCAACATTTACTTGG	1
INPPL1 _ GCACCAGCCGCCCACCCT	1
E2F1 _ AAGCCCTGTCAGAAATCCAG	1
BIRC5 _ CGATGGCACGGCGCACTT	1
EGR1 _ TGCTGACCTGGGCCGGGA	1
SMAD6 _ GGGAGTTGACGAAGATGG	1
PIK3R1 _ AATTCTGCCAGGTTGCTG	1
NSMAF _ TGTGTCCGTGATGCACAC	1
AKT2 _ CCAGCCTTCTTTGATGAC	1
GNA12 _ CATGAACAGGATGGACGT	1
PTPN6 _ GCCAGGTGAGGAAGAACCGC	1
PCK2 _ TGATCTCCCGCTGGTCGGGC	1
TRADD _ TCCACAAACAGGTATGCG	1
PCK2 _ AGTACACGCCACCATCACTG	1
RHOB _ CCTTACTGAACACGATCA	1
CTNNB1 _ TGTTTTCAATGGGAGAATAA	1
DUSP8 _ CCCAGGCCCGCCCCGCAGCA	1
GNA13 _ GCCGCCGCCGCCGCCTCG	1
GNA13 _ TCTGACCACCTACATCAA	1
CTNNB1 _ CTTGAGTAGCCATTGTCCAC	1
GNA13 _ CGCCTCGCCGCCTCTCCG	1
GNA11 _ AGTCTATCTTCAACCTCC	1
PIK3R1 _ AATCTTTAATTTCAGCCC	1
MAP3K1 _ TCAGGCAGCTGGTCCAGCTC	1
PRKAR2A _ CGGGATCTGGATGTGGCTCA	1
GNAI2 _ GCCCCGCTGCCCCTCAGA	1
SMAD1 _ ATTGATCTGGTCGCGCTG	1
GNAI2 _ TTCAGGTCCTCAAACTTA	1
MAP3K1 _ TTGTTGAGCATCCTGTTTCT	1
GNA11 _ GTAGCCGGCGCCGTGGAT	1
SENP1 _ TTCTTTGAGTTTCTTGAG	1
PRKCA _ AGCCGTGGCCTTAAAATTTT	1
SMAD6 _ GATGGGGGTGGTGGAGTGCA	1
MAP3K1 _ TTGTTTTCAGGACAGTTTCT	1
AKT2 _ TGACAGACACCTCATTCA	1
E2F1 _ CGAGCAGGGCCTCCAGCGCC	1
SMAD3 _ GGGTCGGTGAAGCCATCC	1
MAP3K5 _ AGTAAACAAATACTGGATTT	1
SMAD6 _ CAAAACCTAAATCCCTGG	1
RIPK2 _ CCAGGCTGCAGACGTTCTGA	1
RHOB _ CTCTGTGCGGACATGCTC	1
RHOG _ GTAGCGCACAGCGTGGAT	1
SMAD6 _ TAGATGCACTTGGAGCGA	1
WWP1 _ ATTGATCTTTACATGACTAG	1
TERF1 _ TAAGAAAAGATTCTTGTGAG	1
DUSP8 _ TGCCCATGGTCTTCATGATG	1
TERF1 _ CACAGTCCCCAGTAGGTAAG	1
PCK2 _ GTAGTGCCCGAAGTTGTAGC	1
MAP3K5 _ ACCGGCTTATAGTGTCTTCA	1
E2F1 _ AGGGACCCCTGCCCTTGCTC	1
E2F1 _ CCGCTGCCTGCAAAGTCCCG	1
GNA11 _ CGAGAAACATGATGGATG	1
E2F1 _ GGTCCAGCCTCCGCTTCACC	1
PIK3R1 _ GTTCATTCCATTCAGTTG	1
TFRC _ AGCTATGGGTATCACATT	1
MAP3K5 _ CGTGCTCATCTCTCCGGGCC	1
SMAD1 _ ATGCAAAAGGACAGCAGA	1
PYGL _ CACAGCATGGGAACCGACAA	1
IKBKB _ CTTCGCTAACAACAATGT	1
SMAD2 _ AAAGCCATCTACAGTGAG	1
DUSP9 _ CCAGGCAGGAGCGCGCGCAC	1
PIK3R1 _ TGCTTGTGGGCCGCGATT	1
RELA _ CCTGGTCCTGTGTAGCCA	1
AKT3 _ TCTGGTCCTCCACCAAGG	1
PYGL _ ATCACCCAGGAAGCTGTGGA	1
CHEK2 _ CTTGGGACTGGGTAACGCTG	1
MAP3K5 _ GCACGATCACATGAATGTTA	1
SMAD6 _ GGGTCCGTTCCCTCAACA	1
PTEN _ TGTTCCTATAACTGGTAA	1
PIK3R1 _ TCACAGCAGGTTGATCTC	1
WWP1 _ AGTATCAATAGATTCCAAAT	1
CTNNB1 _ TTGCTGCCAGTGACTAACAG	1
E2F1 _ GCCTTGTGGGACCCCACGAG	1
NSMAF _ GCATGGCTACCTTCTCAT	1
RELA _ GTCTGTGCTGTTGCCAAG	1
E2F1 _ AAGCCTCCCCACCTGGCCTG	1
PIK3R1 _ TGTGGGCCGAGGCTGGAG	1
FGR _ TCTGCCCTTTGCTGTCAT	1
FGR _ AGAACTGGTCTTTCCTTC	1
SMAD3 _ CCTGTTGACATTGGAGAG	1
GNA11 _ AAGCCGCGCTTGTCCTCC	1
PCK2 _ AAGATGTTAGTTAATATCAA	1
GNA12 _ CTTGGTGGCTTTCCTAGC	1
GNA13 _ CAGCTTTCAGCCACAAAC	1
GNAI2 _ CTGCTTGACGATGGTGCT	1
GNAI2 _ ACCAGCATCTCAGACAAG	1
PIK3R1 _ CCCTAGTCCACAGGTTCC	1
SMAD3 _ GAACACGCACCTCCCAAT	1
PTEN _ TGTTTCAAGCCCATTCTT	1
PIK3R1 _ ATTTCTCTCGTCCGCAAA	1
FGR _ GGGAAAAGCTGTGGTAAT	1
INPPL1 _ CCATAGGATTCATAGCCA	1
FGR _ CTGGCTTCAGCAGTGTCA	1
RHOG _ GGGTCCAACCTTGGCTTG	1
PIK3R1 _ TTTCTCATTGCCTTCACG	1
TFRC _ TACACCTTGGATAAACTG	1
PTEN _ AATTATTTCCTTTCTGAG	1
GNA13 _ AGTGGTGAAGTGGTGGTA	1
PIK3R1 _ TTGCTCTCGGGCCTGCTG	1
GNA13 _ TATTGATGTCACACTGTC	1
VCAM1 _ AACCCTTATTTGTGTCCCACC	1
PTEN _ CCCGCGGCTGCTCACAGG	1
PTEN _ TCTTCTGCAGGATGGAAA	1
CTNNB1 _ TGAGTAGCCATTGTCCACGC	1
SMAD3 _ GCGTGGCACCAACACAGG	1
MAP3K5 _ CAGCTCAAGGGCGCCGCGCT	1
RELA _ TGTATCTGGCAGGTACTG	1
PTPN6 _ GGCCTGGCTGGGCTATATAC	1
TERF1 _ GCCATTTTCCATACAAACAG	1
MAP3K1 _ GCTCCTCCGCCGCCGCCTGC	1
E2F1 _ GACCACAGGGTCTGGGCTGG	1
NSMAF _ CATTTTATCTGCCCTAAG	1
TRADD _ CGTAGGCCAGCGAGTCCA	1
GNA13 _ CTTGCGTTGCTGCTCGGC	1
GNA13 _ AGTCCGCCATCTTGCCGC	1
PIK3R1 _ TGCGCTCCTCCTCCGAGT	1
PIK3R1 _ CTGCTTCTTCTGCTCCAA	1
TERF1 _ GGGTTACGTTACAGGGTTGA	1
SMAD1 _ TTTGTCCTAAGTTACGGA	1
TERF1 _ ACAAACACAATCAGTCTTCG	1
IL15 _ GTACATGACAGCCAGGAT	1
CHEK2 _ TCAGCAGTGGTTCATCAAAG	1
PRKACA _ GCTTGCAGGATGCGCTTTTC	1
WWP1 _ GATCCACATAATAGGTTCTA	1
PIK3R1 _ AACGTGGTCACTTTATAG	1
MAP2K6 _ TTAGTCTCCAAGAATCAGTT	1
TRADD _ GCGGCGGCGGCGGCTTCA	1
SMAD3 _ TTCTTCCAGCCCAGCAGG	1
GNA12 _ GGAAGTACTTCACCGACT	1
MAP2K6 _ GTGAATTGCCAAATAGACAC	1
IKBKB _ AGTTTATCTGATGTGATC	1
RELA _ GCACTTGTAGCGGAAGCG	1
SMAD2 _ TCACTGCTTTCTCACACC	1
GNA13 _ TATCCAAGTTATCCAGGA	1
E2F1 _ GAGGAGGCCGGAGAAGTCCT	1
DUSP8 _ TTTCACAGTAGTTGTCGTTG	1
CHUK _ CAAGAGAGCGGGCAGAAC	1
GNAI2 _ AACATTTGGACTTGGCTG	1
GNA11 _ GACTCCTTCACCTCATCG	1
GNA11 _ CGTTGATCCGCTTGGACT	1
IKBKB _ TTTCACTTCGTTCTCCCG	1
AKT3 _ ATTCTCTCCTCTTCTTGC	1
TERF1 _ TTACTCTGTACATTTATCAT	1
PYGL _ ATTTTGCAGACCGAGGTTGA	1
PIK3R1 _ TCTCCTTCATGCGGTTCT	1
SMAD3 _ TGCATCGTGCGGGCTCTT	1
RHOB _ CCAGCTCTGTGCGGACAT	1
RHOG _ AAAAGGCATTCAGGGAAC	1
GNA12 _ CCAGCAGCGCGTCGATGT	1
RELA _ GACGAGCCATTCGCCGGA	1
CHEK2 _ AATCCGAAAGTGTTTCTTGC	1
AKT3 _ TCATACATGACAACCCCT	1
TFRC _ CTGGCTCCTCCCTCACTG	1
RELA _ AGGTATGCCCTGGTTCAG	1
GNA13 _ CATAGGTCTTTTCCCGAG	1
PYGL _ AGGATGGGTTGATCTTCACT	1
DUSP8 _ GGAGAAGGAGCGCTTGAGGC	1
DUSP9 _ AAGAACCGCGACAGGTTCTG	1
CTNNB1 _ CCTCTGATAACAATTCGGTT	1
PRKAR2A _ CTGACACCTCTAGTGATTTA	1
SENP1 _ GGGTTTACAAATCCTTCC	1
RHOG _ CCACCACGCACTTGATGC	1
PLA2G4A _ AGCCCACTGTCCACTACA	1
ETS2 _ GAGGCAGCCTGGTCAAGA	1
AKT2 _ TTCCATCTCCTCAGTCGT	1
GNA11 _ ATTCAAATAGTATGCTGC	1
SMAD6 _ AGCCAAATGGGAACTCACAG	1
PRKACA _ GCTTCTCTTTAAAATGGATT	1
PIK3R1 _ ATCCCCTGATTTCTTCAC	1
PRKACA _ TAGTTTTCAAATATGTTTAC	1
SMAD6 _ TTTCTATCGTTGAGTTTCTG	1
PIK3R1 _ AGAGGCAGAGAAGAGAGC	1
PYGL _ CAGCTTTACCACCAATGATA	1
SENP1 _ CTTTGGAGTTAGTCATTA	1
E2F1 _ CGCGGCGGAGATGATGACGA	1
IKBKB _ CGTGAAACTCTGGTCTTG	1
PTEN _ TAGCAAAACCTTTCGGAA	1
BIRC5 _ ATGACAGGGAGGAGGGCG	1
GNA11 _ GATGGACTCCAGAGTCAT	1
SMAD1 _ AAAGATGAACTCCTTTTC	1
IL15 _ AGTGAAATAACTTGTAAC	1
RHOB _ CAGCAGTTGATGCAGCCG	1
PRKACA _ TCTGCGAAGAAGGGCGGGTA	1
RELA _ CAGGTCCCGCTTCTTCAC	1
GNA11 _ GGTCAACGTCGGTCAGGT	1
PCK2 _ GGACAGTCTTTGTGGGAAGG	1
CHUK _ CTTAATTGCTATTTTGAG	1
PRKACA _ AAGCAACCCACTGAACATGT	1
MAP2K6 _ TATGTAGGCCGTTCTTTGGA	1
CHUK _ GGTAACAGAAAAGAAATT	1
NSMAF _ CTTCAGGCTATTGACTAG	1
GNA13 _ CGATTGGTCAGTCGATCT	1
GNA11 _ GCCCGTGCCGAGCAGCAG	1
AKT3 _ GAGGAAATTTAATGTCTT	1
BIRC5 _ TCCAGCTCCTTGAAGCAG	1
IKBKB _ GCTTTAGATCCCGATGGA	1
PRKCA _ CACTGCGGGGAGGGCTGGGG	1
CHEK2 _ TATTCCATAATTAAATCCAA	1
KRR1 _ TATGGCTCCTTATTTGCA	1
GNA11 _ TTATGTTATTTCCAAAGC	1
MAP2K6 _ CGCTGCTGAAGAAAGATGCG	1
FGR _ CATTTACTATAGACTTTG	1
WWP1 _ GCATAGCTCCCTGCAATTGG	1
GNA11 _ AGGGCTTTGCTCTCCTCC	1
DUSP9 _ TGGAGCTTCTGCATGAGGTA	1
GNAI2 _ CCTCAAACTTACTCTGGA	1
CTNNB1 _ TTCTCTTGAAGCATCGTATC	1
PTPN6 _ GCGCCTGAGGCCTCCTCAAT	1
RHOB _ GTTCCTGCTTCATGCGGG	1
PTPN6 _ AGGCTCTCACGCACAAGAAA	1
PIK3R1 _ TCGGCGGTGGCAAGGCTT	1
GNA13 _ CGAGACAGGCATTTGTCG	1
PRKCA _ CCCGGGAAAACGTCAGCCAT	1
VCAM1 _ GTCTTTGTTGTTTTCTCTTCC	1
AKT3 _ GTCCTGGTTGTAGAAAGG	1
KRR1 _ CTCTATGATGACGCCCAG	1
GNA12 _ TGTCGCGGAACTCCAGCA	1
GNAI2 _ AGCTGCCTGGCGTCGTCC	1
SMAD2 _ AATGCTATGACAGAAGAG	1
VCAM1 _ TGAACATATCAAGCATTAGC	1
IL15 _ TACATTCACCCAGTTGGC	1
PYGL _ TCATATTGCCTGTCCCCGAG	1
VCAM1 _ TTACCATTGACATAAAGTGTT	1
PIK3R1 _ GTTGATCTCGTCCAGGTA	1
GNA13 _ AACAGATCAAAGCCTGCA	1
PYGL _ TTCTGGTTGAGCTCCCATGC	1
PIK3R1 _ CCAACAAAACAGTCCAAA	1
CTNNB1 _ TAGAGTGATTATGAATTAAT	1
NSMAF _ GACTCCCATACATGAACT	1
GNAI2 _ CGGACAGGTCATCAGGGA	1
SMAD2 _ TAACATTGGAGAGTAAAC	1
ETS2 _ GGACGGCCGAGTGGAGGG	1
GNA12 _ GGTTCTCCTGCAGGATGG	1
TFRC _ CTCCGACAACTTTCTCTT	1
PTEN _ CCTCCGAACGGCTGCCTC	1
SMAD6 _ TGAAGATGAATCTCAATCCA	1
PRKAR2A _ GCGCAACCCTACGCTACCAC	1
VCAM1 _ GCCAGTGAGGCCCG	1
GNA12 _ CACCAGGAGGTCCATCTT	1
PYGL _ TTCCAACCATAGGGTCATTG	1
PTPN6 _ TTCAGTGATCCCAGGGCTTT	1
TFRC _ AAACAAGTCTACCGTTCT	1
PIK3R1 _ GCTTGAAGAAATGTTTTA	1
WLS _ CTCCTCCCTGGGCGCTGGCA	1
CHEK2 _ AGAATAACTCCTAAACTCCA	1
AKT3 _ ATCAAGAGCCCTGAAAGC	1
E2F1 _ CTCAGAAGTGACCTCCTGGG	1
TFRC _ ATAGCAGATACTTCCACT	1
DUSP9 _ AGACCCTCCATGGGCGATCG	1
RHOG _ ACCACAATAGGCAGCAAC	1
GNA11 _ ATGATGGATGTCACGTTC	1
DUSP9 _ CGAAGAAGTTTGGGAGGTTG	1
TERF1 _ TTTAGACCAGTTTCCCTCTC	1
IKBKB _ GGGCTCTTGAAGGATACA	1
E2F1 _ TTTGATCACCATAACCATCT	1
RELA _ ATGCGTCGAGGTGGAGGC	1
ETS2 _ GGGTCACTCCTCTCTTGG	1
SMAD1 _ CCAGTCAGCACCGGGTTG	1
GNA13 _ AAGGTGGACTTGCCGCTC	1
CHUK _ CTGAGGGTCCCAATTCAA	1
AKT2 _ ACTCCATCACAAAGCACA	1
E2F1 _ CCTCGGCGAGGGCTCGATCC	1
RIPK2 _ AAGCCTGGGATTTTAGGGCA	1
SMAD6 _ AGTGCATAAGAGGCCACAGC	1
PYGL _ ATTGTCATTGGGATAGAGGA	1
RHOG _ CGCACGTTCTCATAGGAC	1
WWP1 _ ATGTCAACAGAAAAGTACAT	1
TRADD _ CTCTTCGTGCCCATTTTG	1
E2F1 _ ATGAGCTGGATGCCCTCAAG	1
VCAM1 _ CCTCCAGTTCTCTC	1
ETS2 _ GGCCACTTTCCTGGACAT	1
GNA13 _ ATATGAAGCTTCTCTCGA	1
PRKACA _ GCGGCCCTTCACGCGCTTGG	1
FGR _ CAGCAATATTTCCGTGTT	1
WWP1 _ TTTCTGAGGAAGTCAGTATT	1
CHEK2 _ ATTTCTGCTTAGTGACAGTG	1
AKT3 _ GATTATAAATGTGTTTGG	1
GNA12 _ GCTTGAGGAACGTGGACT	1
GNA11 _ GGAGGAGTTCTGGAACCA	1
RHOB _ GCCGTTCTGGGAGCCGTA	1
PRKCA _ GGGCTGGGGAGGTGTTTGTT	1
SMAD3 _ CCAAGTTATTATGTGCTG	1
SMAD6 _ AGGAGGCAGTACTGGAGTCT	1
TFRC _ TCAAGTTCTCCAGTAAAG	1
MAP3K5 _ GGATGGTGCAGAAGCCCGAG	1
BIRC5 _ CTTTCAAGACAAAACAGG	1
PRKCA _ AGTCGGTGCAGTGGCTGGAG	1
CHEK2 _ GTACTGCACAGCCAAGAGCA	1
AKT3 _ GTCTCAGATGTTACTTGA	1
PTPN6 _ CGTGAGGCTGTCGAAGGTCT	1
AKT2 _ CAAGGAGTTTGAGATAGT	1
SMAD2 _ CTGAGCCAGAAGAGCAGC	1
GNA11 _ AAGTAGTCCACCAGGTGC	1
DUSP9 _ TCCATGGGCGATCGGCTCCC	1
GNA13 _ TAAGGGCTTCTGTTGCTG	1
AKT3 _ TTTGCATCTGAAGAGAGT	1
RHOG _ GTGCAGTTGCTGTAGTGA	1
INPPL1 _ GTGGCAGATGGGACAGGG	1
IKBKB _ TGTATTAACCTCTGTTCT	1
PIK3R1 _ TTCTGTGTGTCTGTGGCA	1
MAP3K5 _ TGCTCATCTCTCCGGGCCGG	1
GNA13 _ AATATTTTACAGATTCAC	1
BIRC5 _ CCTGGAAGTGGTGCAGCC	1
TRADD _ GCAGGTCCAGCAGATAGG	1
AKT2 _ AGTTGATGCTGAGGAAGA	1
RHOB _ CCGTCGCCCACCACCACC	1
GNA11 _ GGTCCGGAACAGGGCTTT	1
WWP1 _ TTTGTGTTATGATTCACAAA	1
AKT3 _ CTCTTTATATCCTATGAA	1
AKT3 _ TGTTCGAGGAAATTTAAT	1
RELA _ TTGGTGGTATCTGTGCTC	1
SMAD3 _ GGGAAGTTAGTGTTTTCG	1
GNA11 _ TAATAGTCTGTCATTCAG	1
SMAD6 _ GCTCCAGCAGCAGCAGCC	1
TFRC _ CAGCCCCGCAGGATGAAG	1
PCK2 _ CACTTGACAAAGTCACCATC	1
E2F1 _ CCACTCACCTCTCCCATCTC	1
WWP1 _ ATCTGCAGACAATAGTTGTT	1
TRADD _ GAGGCAGAATCCCCAATG	1
SMAD6 _ CACCGATGCAGAGGTCGC	1
ETS2 _ CATTCATGCCGAACCTCT	1
AKT2 _ CCCGCTCCTCTGTGAAGA	1
RHOB _ GTCCTTACTGAACACGAT	1
KRR1 _ GTGCCTTTTCCCTCTGTA	1
PRKACA _ CGGCGTTGCCCATCGCGGCG	1
PYGL _ ATCTGTGGCTGGAATGACTT	1
GNA11 _ ATCCGGTTCTCGTTGTCC	1
DUSP8 _ CCGACGGGCTGTCCAGCTTG	1
PTEN _ TGCTAACGATCTCTTTGA	1
INPPL1 _ GGTCCTTCTCCTTCTCAA	1
VCAM1 _ CGATGCAGATACCGCGGAGT	1
INPPL1 _ GGATGCGGTCGTGCGTGA	1
GNA11 _ CATGAACATAAATAAAGC	1
FGR _ GCTGGGTTGGCCTGAGAC	1
ABCC1 _ CTCCTCCCTGGGCGCTGGCA	1
IKBKB _ CAGCTGTGCTCTTCTTCT	1
PLA2G4A _ CAGAAACGCCCAAAACTC	1
EGR1 _ GGTCCTGGGAGCCCGACT	1
E2F1 _ GGCCGCGGCGCACTGGGTGT	1
GNA13 _ AAAGTCGTATTCATGGAT	1
NSMAF _ GGCTGGGATATTGAATCT	1
SMAD2 _ TTCGATGGGATACCTGGA	1
MAP2K6 _ CAAGTGTCAGAAGAACCAAA	1
TERF1 _ TTTGTCCCATGGGTAATACT	1
ETS2 _ TGTTCCCAGAGAATGTCA	1
INPPL1 _ CAGTGGTGGAGGTGGAAA	1
TERF1 _ ACACAATCAGTCTTCGCTGT	1
TFRC _ TATCTGAGAACATCTGGG	1
CHUK _ ACATTGCTGCCCTTTGTC	1
E2F1 _ AGGAAGCGCTTGGTGGTCAG	1
GNA13 _ ACTAAGATTTTCAAGAAG	1
MAP3K1 _ CTGGTGAAGTGAGTGGAAAC	1
PLA2G4A _ AAGTCGGGAGCCATAAAA	1
CHEK2 _ CCATCAATTCCAAAACAATA	1
RIPK2 _ CGAACCAGAGCTGACTTCTT	1
CHUK _ AGCAATACATTCAAATAC	1
E2F1 _ GCCCACTGCTCTCGGCCAGG	1
RHOB _ AGCACCTTGCAGCAGTTG	1
FGR _ GAGAGACAGCGAAGCACT	1
CTNNB1 _ AGCAGACACCATCTGAGGAG	1
PIK3R1 _ AAATAGGTAGCCAGGTGG	1
PLA2G4A _ AAATAAGTCGGGAGCCAT	1
RHOG _ GCGCGCTGTAATTGTCGA	1
CHEK2 _ GAAGCCACGGGTGTCTTAAG	1
GNA13 _ TGTTCAGAGACTCTGTAA	1
BIRC5 _ TTTGAAAATGTTGATCTC	1
PYGL _ CAGCGGTTCGCCCATGGCTG	1
TRADD _ ACCCTAAGGCCATCCAGG	1
NSMAF _ ACTCGTGAAGGTGTTCAG	1
RHOG _ GGTTCACTGTGCGCCCGT	1
TERF1 _ TAGGCATCAGGTTATAAAGA	1
INPPL1 _ CGTTGGTGGCGGTTTCTC	1
ETS2 _ AGGAGCGGGAGGAGGAGG	1
MAP3K5 _ CACTGCTCGAGGAGGTGGCC	1
ETS2 _ AACCCGTTGCACATCCAG	1
SMAD6 _ CTTAAGACATGACTGTTAAG	1
RHOG _ GTCCCACAGGTTCAGGTT	1
CHEK2 _ AAGGCTTCTTCTGTCGTAAA	1
EGR1 _ CAGCAGCATCATCTCCTC	1
FGR _ TGCTGTGGGAAAACGGGC	1
SMAD1 _ CATAAGCAACCGCCTGAA	1
KRR1 _ ATTCGCTTCCCAGCAGAG	1
SMAD1 _ GAGCCGCTCGGCCTCTCC	1
WLS _ GGCACCCACACGAGGACCGT	1
AKT3 _ TTTCCTCTGGAGTATCTA	1
GNA11 _ GCTGGTACTCGCGCCTGC	1
DUSP8 _ TGGTCATAGACCACCACGTC	1
DUSP9 _ AGCCCCAGTGATCCCGTCAA	1
PIK3R1 _ ATCAGACTGGAGAGGAGC	1
SENP1 _ TGAATCTCACTGCTATCC	1
RELA _ AGAGCCGCACAGCATTCA	1
AKT2 _ GTGATGGCAGCGAGCGTG	1
AKT3 _ TGTCTCATAATTTCTTTT	1
GNA11 _ CCCGCCGCAGCTGCTTCT	1
MAP3K5 _ TGTCAACCCCTTCATGAAGC	1
E2F1 _ CACCGTCCTACACGCCCAGC	1
E2F1 _ AGGTCTCTGATGCCCTCGCC	1
GNA13 _ GACCGCGACGGCAGGAAG	1
RIPK2 _ ATAAAGCTTTAATACTCACG	1
SMAD6 _ AAGTCCAAGACAGAATCTGT	1
GNA13 _ CTCCATGTTGTTGGTTTG	1
RHOB _ CGAGGTAGTCGTAGGCTT	1
VCAM1 _ GCAATCTTGCTATGGCATAA	1
ETS2 _ CAAGTTGCTGCCTGGGAA	1
TERF1 _ CAAACAAAATGCAGTGATCA	1
TRADD _ GAGGACTCCACAAACAGG	1
EGR1 _ CTCACTAGGCCACTGACC	1
RHOB _ GTCTTGGCAGAGCACTCG	1
GNA11 _ CCACTATCTTTCCACAAT	1
TFRC _ TGGTGCTGGTGAAGTCTG	1
BIRC5 _ CTGTCTCCTCATCCACCT	1
AKT3 _ CTAGGCCCCACCAGTCTA	1
IL15 _ TCACATTCTTTGCATCCA	1
PRKCA _ GCAGAGGCTGGGGACATTGA	1
EGR1 _ ACTCGATTTTCTAGCATT	1
PYGL _ GCCGTATCCATAGGCTGCAA	1
TRADD _ GTGCGCGTAGGCATCCGA	1
MAP3K5 _ CTCATCTCTCCGGGCCGGGC	1
BIRC5 _ ACAGGAAGGCTGGTGGCA	1
GNAI2 _ ACACAGACAAGACAATGT	1
WLS _ AGCCCCGGAGCGCCATGCCG	1
PYGL _ GCGCGAAGTAGTAGTCGCGG	1
WWP1 _ ATCTTTGTTCTCCTCAGTCA	1
PTEN _ TCAATATTGTTCCTGTAT	1
EGR1 _ GGGCCTGGCCGGGTTACA	1
KRR1 _ GTGCATCAGGTTGCCCTT	1
GNA12 _ CATGGAACACGAAGCGGA	1
RHOG _ AAGAGGATGCAGGACCGC	1
RIPK2 _ TATCCTTTTATGAAACACAT	1
VCAM1 _ CGAGGCCACCACTC	1
PIK3R1 _ ATTTCACTGTAAACGGCT	1
PTPN6 _ CAGCATCTCTCTGTAGGGAG	1
NSMAF _ CTGCAGCATGTAGCTCTC	1
GNA12 _ AGCATGATGTCCTTCAGG	1
TFRC _ TTTGGCTGACGGCTGTTT	1
RELA _ TTCGGTTCACTCGGCAGA	1
IKBKB _ CTGGGATGCCCGTGTCCT	1
VCAM1 _ CATCTTCCCAGGCAT	1
TRADD _ CAAGATTGATTCCTGTTT	1
DUSP9 _ CCGGGCACTGCCCAGATAGA	1
E2F1 _ GGCTTGCTCAGCCTCCTAGC	1
ETS2 _ CACAGTTGGCGGAGTCAT	1
GNAI2 _ CTGTGACGCCCTCAAAGC	1
BIRC5 _ AAAAGGAGTATCTGCCAG	1
IKBKB _ GGAGAGGCAGCTGTTGTT	1
NSMAF _ TTTGTGAAGTGTCTATTG	1
CTNNB1 _ AGCTTGAGTAGCCATTGTCC	1
RIPK2 _ ATGCAGCCCTTTGAGAACCA	1
GNA11 _ TGTGTCCTTTCTTTTATT	1
DUSP8 _ AGCAGATGTTGACGGAGCTG	1
GNA11 _ CGCATCTGCTTGATGAAC	1
EGR1 _ CCACTGGGCAAGCGTAAG	1
TFRC _ CTACCCCTTTACAATAGC	1
SMAD6 _ GAGTTGGTAGCCTCCGTT	1
SMAD3 _ ACAGGCGGCAGTAGATGA	1
CHEK2 _ TTCTCTGAGACTTCTGCCCA	1
IKBKB _ TTCAAGATATGAACCAGC	1
TFRC _ CTGAAGAGACCCTATGAA	1
SMAD6 _ ACAGATCCAGTGGCTTGT	1
TRADD _ GACCCTGGAACAGAAAAG	1
PRKACA _ TGGCTGCGGCCGGCGGCCCG	1
AKT2 _ GGGTGCCTGGTGTTCTGG	1
CHEK2 _ CATGAGAGAGGTCTCTCCCA	1
EGR1 _ TCGCTGCGGCTGAAGTTG	1
GNAI2 _ AGGAAGAGGATGATGGAC	1
FGR _ CCCTAAATTTCCTTGGTT	1
MAP3K1 _ ATCATGATTTGTCAATCACA	1
SMAD6 _ CCCCTCCACAAAAGTGCC	1
ETS2 _ GAAGCCACTGGCATACCT	1
DUSP8 _ GTCAGGACACCTCGATGACC	1
KRR1 _ ATCTTAATGACATTCAAG	1
SMAD6 _ AAGACAATGTGGAATCGG	1
ABCC1 _ TCGGAGCCATCGGCGCTGCA	1
INPPL1 _ TCCAAGTCCTCCTCGGTG	1
GNA12 _ TCTTCTTAATAACGAAGT	1
TRADD _ CGGTCGGGCTGCTGGGCT	1
RHOG _ AACTGTGTGGAAAGCTGG	1
CTNNB1 _ GCCATTGTCCACGCTGGATT	1
MAP2K6 _ GCCAGGGCTGGCAGCTAAAA	1
DUSP9 _ AGGCCATGGATGTGGGCGGC	1
PTEN _ CGCTTGGCTCTGGACCGC	1
TERF1 _ CCAAATCATCAGGGCTGATT	1
IL15 _ AGCTGGCTATGGCAAGGG	1
E2F1 _ AAGTGGTAGTCGAGGGCCTC	1
GNA13 _ GCTGAAAACCCGGTTATT	1
SENP1 _ AAACAATAATGAATAATG	1
WWP1 _ TCAGACACTACTGGAGTACC	1
RIPK2 _ GCAGGTCGGCGAGTTTGTGG	1
DUSP8 _ GTCGAAGCAGCCGTCCAGCT	1
E2F1 _ GGCTGCCCATCCGGGACAAC	1
WLS _ GGTGATCGGGCCCGGTTGCT	1
SMAD6 _ CTCGATCGCTCCTCGTGC	1
TRADD _ TGGCTGCACCCCTGGTCT	1
GNA11 _ AATCCTAAGTTGCCACTC	1
ABCC1 _ CGCATCTCTGTCTCTCCTGG	1
SMAD3 _ GCCTTCTCGCACCATTTC	1
PIK3R1 _ AAAGCCATAGCCAGTTGC	1
PTPN6 _ CCCTGACGGAGAGCGAGAAG	1
FGR _ CTATTAATTTTGTGTTAC	1
IL15 _ TCATCTTCTTGACAGAAA	1
PIK3R1 _ GGATCCTGTTGATCTCCT	1
GNA11 _ TGCTCGTACTTGTAGAGG	1
KRR1 _ ACTGGGATATTATGCAGA	1
RHOB _ GGGATGTTCTCCAGCGAG	1
SMAD1 _ TGACTCATCCATCCTTCA	1
SMAD6 _ CCACCGCCGCCGCCGCTG	1
AKT3 _ CTACATGAAATGTTCTCT	1
TFRC _ GAACTAAATGGAGGCTTA	1
NSMAF _ TGTTGAACATTCTATCTG	1
GNA11 _ TTCTGTCCAAGTCATTCA	1
ABCC1 _ TGCTGTTCGTGCCCCCGCCG	1
CHEK2 _ GTAGAGCTGTGGATTCATTT	1
SENP1 _ ATTCACCTTCCTTCTTAT	1
SMAD1 _ TTCACCAAAGCATCAACA	1
SELE _ GTTTAAGGCAGCATCCTAAGA	1
MAP2K6 _ TGCCTTTCGACTGAGACATT	1
MAP3K1 _ ACATACTTAGGTAAGGGTTC	1
SENP1 _ ACATGATGACGGTGGCTT	1
TFRC _ GAAGCCCGCACTCACACT	1
GNA11 _ TAGAGGATCTTGAGCGTC	1
SENP1 _ TCCGTTTTGAACACCACA	1
NSMAF _ CTCTTCTGGAGAAAGTCC	1
TRADD _ ACTTTATTATCATTGCTT	1
PTEN _ CAGGAGAAGCCGAGGAAG	1
RHOB _ GTTGATGCAGCCGTTCTG	1
IL15 _ AGGCATTAGTAGAGTAAA	1
SMAD6 _ TGCATAAGAGGCCACAGCAG	1
GNAI2 _ CGCCCTCAAAGCAGTGGA	1
INPPL1 _ AGAGCAGGGCAGCACAGA	1
MAP3K1 _ GAATCCCTGAAGTCTATGCT	1
E2F1 _ GTGTGGGTGTAGGCTGCATG	1
TFRC _ ATCTCAGTGCCAAAAGGA	1
TRADD _ ATGAAGTCCAGGACACCA	1
SMAD6 _ CCGCCAGAAAGACCCCAC	1
PLA2G4A _ CACTCCTTCAGCCCTTCC	1
PTPN6 _ GATGAACTTGTACTGCGCCT	1
GNA11 _ TGTTCTGGTAGACGAGCT	1
PIK3R1 _ CTCCAGGATGTCGGTTTT	1
TRADD _ GGGAAGGCAATCAACTCT	1
EGR1 _ AGATGGTGCTGAGGACGA	1
PIK3R1 _ TTCTCATCCTCCGTCAGG	1
EGR1 _ GTGGGCAGAAAGGATTGT	1
DUSP9 _ CTCATGGAGTCGCGGTCAGC	1
PTPN6 _ GAGGACAGCACCGCTCACTT	1
SMAD2 _ CTAATCGTCCTGTTTTCT	1
E2F1 _ CACCTTTTCCTGGATGGCGG	1
FGR _ GGATTTCCCTCTGTCTCT	1
VCAM1 _ GCCTGGGAGGGTATTCAGCTC	1
GNA13 _ ACTCGTCAGCAGGCAGCC	1
GNA13 _ CATCTGCTTCAGGAAGGT	1
IKBKB _ CTGAGTGGCAGGCTTATC	1
MAP2K6 _ CAGTTCATTCTATACTATAG	1
KRR1 _ GCCACATTCTGTCTGGGC	1
GNA12 _ GTCGATGTCGCGGCTACG	1
SMAD3 _ CCCCTCCGATGTAGTAGA	1
SMAD3 _ TGCCCGTTCTGCTCGCCC	1
E2F1 _ GGCCATGACGCTCACGGCCC	1
SMAD2 _ TTAGTGTTTTCTGGAATG	1
PRKACA _ CGCTGCTGGGAGGAAAGACT	1
RELA _ GACAGCGTTCCTTCCCCA	1
RHOG _ CGCGAGTGCCTGGCCCTG	1
PIK3R1 _ AAATGGCCGTTTTGCTCC	1
PTPN6 _ CCACCCACGGGACAGCATCT	1
MAP2K6 _ AGAAGAAAACAAACAAACAA	1
AKT2 _ TCGGTGACTGTGTGAGCG	1
RIPK2 _ GCAGATGGCCTCCCCGTTCA	1
WWP1 _ TATGATCAACAAAGTACCTT	1
PIK3R1 _ CAGGTAGATGAGGGCGAT	1
PRKCA _ CCCCAACCACCTCTTGCTCC	1
SMAD1 _ CCCACACGATTGTTGAGC	1
TRADD _ CACCCACTCTTCGTGCCC	1
PIK3R1 _ TCCTTGCCTGAAACACCC	1
PCK2 _ GCTACGGCATGATGGCCAGC	1
SMAD6 _ CAAAGCGCTTAACTACAT	1
GNA13 _ TGCCTTTGGTGGGTCTTC	1
MAP3K1 _ CATTCTTGCAGAACTCAAGT	1
RIPK2 _ ATTTTCATGGAGCTGAGAGG	1
SMAD1 _ TGAAACCATCCACCAACA	1
PIK3R1 _ GTAAGTCCAGGAGATAGC	1
CTNNB1 _ AGGTGCATGATTTGCGGGAC	1
GNA12 _ GTCCATCTTGTTGAGGAA	1
TRADD _ GTCCAGCGAGGACTCCAC	1
AKT3 _ TAGTATCTGTCTCAGATG	1
IL15 _ ACTGGGTATATTAGCTGC	1
DUSP9 _ CCACGGGCACTGGACCGGGC	1
RELA _ TCACACAGTAGGAAGATC	1
TRADD _ CATTTGAGACCCACAGAG	1
GNAI2 _ CCCCTCCCTCATACACAG	1
GNA12 _ CCGATCCGGTCCAAGTTG	1
IL15 _ GTTAGGTGCTTTGGGCCA	1
GNA12 _ CCATGCTTCTCATTTTCA	1
GNA11 _ TTTGAAAGTAAAATGGGT	1
GNA13 _ CGGTCATAGGCATTCTGT	1
GNA12 _ GTTCCGTCTCTTCCTGTC	1
TERF1 _ TCTGCTCCTCAGTAGGGTCG	1
ABCC1 _ AGGCCCTGCAGTTCTGACCA	1
IL15 _ ACTCTAGGCCCATAGCAA	1
AKT3 _ GATCCTTTATCAAGAGCC	1
IL15 _ TTAGCTGCATCCCAAAAT	1
PIK3R1 _ CCAGGCTAAACCAGGCTG	1
TFRC _ TCAACATACAACGCAAGA	1
GNA12 _ GATATCTTGCTTACTAGG	1
TERF1 _ AGGTTTATCTTGAGAAGTTA	1
RELA _ CTCAATGATCTCCACATA	1
INPPL1 _ AGACCCACACAGAACAGT	1
PRKAR2A _ ATCTGTATCTTCCTCTTCCT	1
GNA11 _ ATCCGGAAGATGATGTTC	1
WWP1 _ ACTAGAGTGCTTGTAGGTAC	1
AKT3 _ AAATGTGTTTGGCTTTGG	1
PTPN6 _ CGACTCCTGGCCCTTCTGCG	1
AKT3 _ TTCCCTTTCCTCTGGAGT	1
AKT2 _ CTTTGATGACAGACACCT	1
GNA13 _ GCCCGGGTATCAAACGAC	1
GNA11 _ CCGGGCTGAGTCACCAAA	1
E2F1 _ CGCAGCTGCGTAGTACAGAT	1
KRR1 _ CTGTGGCTGAATTTGACC	1
NSMAF _ CGAGACTGCAAAATAGCT	1
INPPL1 _ TGCTCCTGCCTCATCCTT	1
TFRC _ AGACCAGCCCTTAGGATT	1
IL15 _ ATTAGAAGACAAACTGTT	1
IKBKB _ TTGGCCTTGAGCTGCTGA	1
VCAM1 _ AACCCAGTGCTCCCTTTGCT	1
SMAD6 _ TATTATCGAGTGACTGGT	1
BIRC5 _ CCACGCGAACAAAGCTGT	1
TERF1 _ CATCCTCCGCCATGTTAAAT	1
INPPL1 _ TCCCCACTGCCCACTTCC	1
RELA _ CTCATAGAAGCCATCCCG	1
GNAI2 _ AGGCTCCCTGTAAACATT	1
GNAI2 _ ATGGTGCTCTTCCCTGAC	1
PRKAR2A _ GCTGTTCCTCATAGTGTGAG	1
RIPK2 _ CCTCCCCGTTCATGGTCCCG	1
RHOG _ GTCAGTAGCGGAAAATGG	1
BIRC5 _ GCGATTCAAATCTGGCGG	1
PCK2 _ TCGGATGAGGCCCTGCTGCT	1
PIK3R1 _ TTCAATGGCTTCCACGAG	1
WWP1 _ GAATTAGAGGTGTCAGGCTC	1
GNAI2 _ AGGTCGTTCAGGTAGTAG	1
EGR1 _ TCTTTCCCCTTTCCCTTT	1
INPPL1 _ TGTGCCTCCAGACTCCTC	1
BIRC5 _ AGGACTGTGACAGCCTCA	1
EGR1 _ TAATACAATAGAATATGC	1
SMAD6 _ AGCGCCACACGCGACAGTAA	1
TFRC _ CCCTGCTCTGACAATCAC	1
PYGL _ TACCTGCCATCCATCTCGGA	1
RHOB _ ACTGAACACGATCAGCAG	1
IKBKB _ CTCGAAGCTCTGAATTGC	1
E2F1 _ TCAGCCGAGTGGCTCAGCAG	1
TRADD _ GAGTCCAGCGCCGGGTCC	1
PRKACA _ GCGGCGGCGTTGCCCATCGC	1
PIK3R1 _ AACTGAAATAACAACTTA	1
MAP3K1 _ CCACTGGCCTCGTTCATAGC	1
TRADD _ GCACGAAGCGCCGCAGCA	1
IKBKB _ TCCTGTACAGCTCCCTTG	1
CHUK _ GACATAATCTGATCCTCC	1
PRKACA _ GTTGTCCTTGAAGGAGAACT	1
IKBKB _ GCCAGGACACTGTTAAGA	1
GNA13 _ AGAACAGAATTATGGAGA	1
RIPK2 _ GAGCAGCGGAGTGTGGATGT	1
E2F1 _ ACCTCGGCAGCCCAGTTCAG	1
PCK2 _ AGGAACCGAGCGGAGCCGGG	1
TRADD _ GGATCTTCAGCATCTGCA	1
RIPK2 _ CCACAAGTATTTCCGGGTAA	1
TFRC _ TTAATAACTCCAAAGATG	1
DUSP8 _ GGCAGGCAGGGCTGGGAGAG	1
E2F1 _ ACCTACGGTCTCCTCAGGGC	1
PRKACA _ ATTCTTTCACGCTCTCCTGC	1
CTNNB1 _ CAAAACAAGGTTCCAAATAA	1
RIPK2 _ GATAATTGTCCCTCCTTCTG	1
IKBKB _ TGAGTCTCATAGGTGATT	1
MAP2K6 _ GACATTTTCCCCTTTCCTTT	1
ABCC1 _ AGCCCCGGAGCGCCATGCCG	1
KRR1 _ CCACTTCCCTCAGCTCAT	1
ABCC1 _ GCGGCGATGGGCGTGGCCAG	1
MAP3K5 _ GGCCTCGCTCTCGGCCACCA	1
PLA2G4A _ GAACCAGAAACGCCCAAA	1
SMAD2 _ TGCTCCTCCAGACCCACC	1
INPPL1 _ GACATCACGCCGCAACCC	1
PIK3R1 _ CCGCTCTTGGGTCTGGCA	1
INPPL1 _ CTCTGGTTCTTCAAATAA	1
AKT3 _ AGAGAAGAAACTGTGTCT	1
CTNNB1 _ AGCCCACCAGCTAAACGCAC	1
KRR1 _ CAGTGCTTTCCCAGATTT	1
PTEN _ ACATAGCGCCTCTGACTG	1
GNA11 _ ATCCGCTTGGACTCCTTC	1
TFRC _ CTGTGCTGTCCAGTTTCT	1
TRADD _ AGCTCCAGTTGCAGCGGC	1
IL15 _ TACTTCTCAAATGTGGTT	1
TFRC _ AGATCCCTCACAAATGAA	1
BIRC5 _ TGAGAAAGGGCTGCCAGG	1
PCK2 _ TGGGTGTCTCTCGGGCACTG	1
PCK2 _ CCGGGCCAGCCGAGAGGCGA	1
EGR1 _ AACGGAACAACACTCTGA	1
VCAM1 _ CCTGTGTGTGCCTGGGAGGG	1
VCAM1 _ CCTGAAGCCAGTGAGG	1
GNA11 _ CCTTCTGTTACTTTCAGT	1
MAP3K5 _ CAGTAACATCTGTCTTTGTG	1
RELA _ CAAAGATGGGATGAGGAA	1
SMAD6 _ GATCTTGCAGACGGTAGCTG	1
DUSP8 _ TCGCCTGCTTGCCCAGGGCG	1
MAP3K5 _ GAAGCCGGGTGAGCGGGAAG	1
PIK3R1 _ GCCCGCACGGAGCCCTGC	1
TRADD _ GCTGCTGGGCTAGGATGC	1
PLA2G4A _ AGAGGTAAAGGGCATTGT	1
GNAI2 _ GGGTCCGTAGCACATCTT	1
SENP1 _ AGGATTGAGGGAAAAGAA	1
PIK3R1 _ CCTTGAAGACCTTGCGGA	1
MAP3K5 _ CAAATTCTCTGAGGCTTGCA	1
IL15 _ GTATTGAAGAAGAGCTGG	1
TRADD _ AGATTTCGCAGCGCATCC	1
EGR1 _ CCCCGCCGCCTCCACCGC	1
MAP2K6 _ TTTTCCCCTTTCCTTTGATG	1
EGR1 _ TCGAGTGGTTTGGCTGGG	1
PIK3R1 _ CGGCTGAATCGAGCAGGT	1
E2F1 _ TGGCAGAGTCAGTGGCCCTG	1
PIK3R1 _ ATTGGTCTCTCGTCTTTC	1
EGR1 _ AGAGGATCACCATTGGTT	1
AKT3 _ TCATTTCATACATGACAA	1
SMAD1 _ TCGCCCTGTTTCCACCCA	1
GNA11 _ CAGGAGCGCATTGGCCTT	1
AKT2 _ TGTGGAGCCAGCCTTCTT	1
ETS2 _ GTGCCAAAACCTAATGTA	1
GNA11 _ GGTGGTGGGCACGCGGAC	1
E2F1 _ TAGCCAGACCCCAGAGCTAG	1
PTPN6 _ CAAACTCTCAAACTCCTCCC	1
VCAM1 _ CTCTCATCTTGATGGC	1
PRKAR2A _ GCATGTTTATACTTTGGACT	1
GNA12 _ GTGCGCTCAGGGCCGGGA	1
VCAM1 _ AACTCCTCCAGTTCTCTCATC	1
PRKCA _ GATAATGTTCTTGGTTGTAA	1
PRKAR2A _ GGCTCATGCCGGCGGCGGCC	1
DUSP8 _ CGCCCGCCCGGCCGAAGGGC	1
CTNNB1 _ CTAAAGGATGATTTACAGGT	1
GNA11 _ CTCCTCTTCTGAATAACC	1
KRR1 _ CCCTATCAGTGAGGACAG	1
SENP1 _ AATTTCCAGTATTTATGC	1
MAP3K1 _ CAAGGCTGGAAACATTAATT	1
INPPL1 _ ACAGACCAGGAGACAGTG	1
TRADD _ AAAGTCTGGGCAGGTGGC	1
GNA11 _ ACTGACGTACTGATGCTC	1
PTEN _ ACTGGAATAAAACGGGAA	1
SMAD1 _ TTGTTTAAATTTCTGAAT	1
AKT3 _ TACTCCAGAGAAGAAACT	1
GNA11 _ GGTTCAGGTCCACGAACA	1
PRKCA _ ATGGGGTGCACAAACTGGGG	1
GNA11 _ GGTCACCTTCTCCACGTC	1
RIPK2 _ TCTTTCATGATCAAGTCCCT	1
PIK3R1 _ GGCAAGGCTTGAGTGCTG	1
CHEK2 _ AAGGGCCCATAATCGAGCCC	1
MAP2K6 _ GGAAATCGAAGGATGGCCAA	1
PRKAR2A _ AATGCCCATAACCACAGCAA	1
PTEN _ ATTTCTTGATCACATAGA	1
PRKACA _ GCGTTGCCCATCGCGGCGGC	1
SENP1 _ GGCACTTCAGTAACTTTC	1
INPPL1 _ GAGATACTGCCCTGACCC	1
KRR1 _ GAAGTTTGAGACCAGCCT	1
CHEK2 _ TTTGTGGTCTCGGCACCCTC	1
MAP3K1 _ TAACCATTCTTGCAGAACTC	1
GNA12 _ TCAGGAACATCCCATGCT	1
CHUK _ TCTCCTCCAGAACAGTAT	1
PRKAR2A _ AAGGAGAATATCTTTGCAAG	1
CHUK _ AAGTCTCCCCATCTTGAG	1
PYGL _ CTCTTCTATATCCAATCCAA	1
PCK2 _ GGCCCGGAGTCGACCTTCAC	1
EGR1 _ GAGAGGAGAAGGAGGTGG	1
PRKAR2A _ GAGAGACATGCCGTTTTGAA	1
ETS2 _ GCAGGTATAACTGGTTTG	1
TFRC _ CCTCCGTCCCGAGCCGCC	1
TERF1 _ AAACACAATCAGTCTTCGCT	1
ETS2 _ TGCCAGCTCCAGAAAGCG	1
TRADD _ GCGTAGGCATCCGACAGG	1
E2F1 _ TACTCTGGAAACCCTGGTCC	1
PRKCA _ AAGAGAGAGACCCTGAACAG	1
DUSP9 _ GACCCCATCTCCTCCGGCGG	1
PYGL _ ACAGTTCAAGAGCTGTCGCT	1
SMAD6 _ GGCGAAGCTGATGCGGAC	1
TRADD _ TAGGCCAAGTGGAGTTTC	1
EGR1 _ GATGGCGGCGGCGGCTCC	1
IKBKB _ TTAACTTGCCGTCTGAAA	1
RHOB _ CCGTCCACCTCAATGTCG	1
DUSP8 _ CAGGGCGGCCAGCAGCTTCA	1
GNA12 _ GTGCATCAACAAGAACCC	1
AKT2 _ CCGCTGCTTGAGGCTGTT	1
SMAD1 _ CCGCCCGCCTGCTTTCTC	1
PRKACA _ TGCCCATCGCGGCGGCGGCG	1
MAP2K6 _ CATTTTCCCCTTTCCTTTGA	1
PIK3R1 _ TCAGCATCCTGCTTAGGG	1
PIK3R1 _ GATGACGGATGTGCTTTT	1
PRKACA _ CACACAGGTTGAATCGCCCC	1
CHEK2 _ TCCTTTTGCTGATGATCTTT	1
WWP1 _ TTCAAAATTTCGGACAGATT	1
WWP1 _ GCAGGCTCAGATGCGAGTGG	1
VCAM1 _ GGCCACATTGGGAAAGTTGC	1
RHOG _ GCAGCCTCCAAGCCAAGT	1
VCAM1 _ CAGCCTGCCTTACTGTGGGC	1
SMAD6 _ CGTCGGGCTCCTTGCTGA	1
PIK3R1 _ GCATCTGCTTGATGAAGG	1
WWP1 _ AAGGTTGTGGTCTCTCCCAT	1
CTNNB1 _ CGACCTGCGGTGGCGGCTCG	1
SMAD3 _ GAGGCACTCTGCGAAGAC	1
ETS2 _ TGGCTTATTGAGGCAGAG	1
PIK3R1 _ TCAACTTCTTTTGCCGAA	1
TFRC _ AGTCCAAGATAAAAGAGG	1
GNA13 _ ACCCAGTTGAAATTCTCG	1
PIK3R1 _ GGGCCCAAAAGCAGCAGC	1
DUSP9 _ ACCCTCCATGGGCGATCGGC	1
TFRC _ CACCCGAACCAGGAATCT	1
RHOG _ CATAGGACGGCGGACTGG	1
IL15 _ CTAGGGTAAAGTATGATC	1
TFRC _ TGGGCAAGTTTCAATAGG	1
SMAD2 _ CTCTTCACAACTGGCGGC	1
FGR _ AACCACCAAACCTGCCCA	1
AKT2 _ TGGTCACTTTAGCCCGTG	1
GNA11 _ GATCCACTTCCTCCGCTC	1
PTPN6 _ CCACCTGAGGACAGCACCGC	1
DUSP9 _ CCAGACCCTCCATGGGCGAT	1
PRKACA _ TGCAGGGATGCCCTCCCCAC	1
GNA13 _ TCGCCCGCGCCCAGCAGC	1
MAP3K5 _ TGAGCAACAGTCAAGTCTGT	1
RIPK2 _ GATACGCCCCTGCACGAGCG	1
INPPL1 _ GTGCCTATGAAGACTGAG	1
CHUK _ CCCTGCATGAACATGACA	1
KRR1 _ ACATCTGGCCTGTTCCCA	1
SMAD6 _ CTCGTAACAAACTGGTCGAA	1
PIK3R1 _ AGTAGGTTTTGGTGGTTT	1
PIK3R1 _ AAGGTTAAGATGCAGCAT	1
GNA12 _ TTAATAACGAAGTCATGC	1
TFRC _ AACTGGTTCTCTTTCAAT	1
PCK2 _ ACCAGGCGGGAGTGGTACCG	1
ETS2 _ GTCCATATTCTTGATTCC	1
PIK3R1 _ CCGTGGATGATCCGCATC	1
PLA2G4A _ TGCCCCAGACACCCATTA	1
CHUK _ CTACTAAACCGAACTTCT	1
GNA13 _ TCGAAGTCCTGCCCGTGG	1
SMAD2 _ GTTTCTCCAACCCTCTGA	1
WLS _ CGGGGCCGCAACGCCGCCTG	1
GNA12 _ ACTGCCAAGGAATGCCAA	1
INPPL1 _ GCACCCCAGCCTCCTCCA	1
VCAM1 _ CTGTGTGTCCTGTCTCCGCT	1
RHOG _ TGTACGGAGGCGGTCATA	1
GNAI2 _ CTTCCCTGACTCCCCAGC	1
GNA13 _ GAAAACCCTTGTTTCCAC	1
CHEK2 _ TCAGTGACACTTGAGTCCTA	1
E2F1 _ GAGTCGGCCGCCACCAGCGG	1
GNAI2 _ GGAAAGAGGAGAAAAGCG	1
TRADD _ GGTGGCGGCGGCGGCGGC	1
IKBKB _ CACAGGGTAGGTGTGGAT	1
RHOG _ CAATGGAGAAACAGATGA	1
SMAD6 _ CGCCCGGCGGCTCTTTCT	1
GNA11 _ CTCATCGCTCAGGCAACA	1
BIRC5 _ AAAGAGAGAGAGAGAGAG	1
AKT2 _ CAGTCGTGGAGGAGTCAC	1
TERF1 _ GGCTGACTCTTTGAAACAGG	1
MAP2K6 _ CCCTAAAAGATGTGGTGATC	1
GNA12 _ GGATGATGCGCATCTGCT	1
SMAD3 _ TCTTCTTCCTTGACAACA	1
PYGL _ TCCAGCGCCCCACCAGGTGG	1
MAP2K6 _ CTGAGACATTTTCCCCTTTC	1
SMAD6 _ AAAGCCGTGGTGAACTGACT	1
EGR1 _ CCTGCGGCGGCGGAAGCT	1
PTPN6 _ TGAGTCTGTCCATCGCGAAA	1
SMAD2 _ TCTCTGATAGTGGTAAGG	1
PIK3R1 _ GAGAGATGCCCACCCACC	1
SMAD3 _ GCGAGGCGTGGAATGTCT	1
PRKACA _ CTTCCTCATAGTCGTCAAAG	1
GNA11 _ TGTCACGTTCTCAAAGCA	1
PYGL _ GCAGGCAGCAAGTCTCCCAA	1
WWP1 _ ATTCCAATTCTGCACTGGTA	1
IKBKB _ AATGTCACTCAGCAAGGT	1
ETS2 _ GGGACCCATCAAAGGTGT	1
GNA13 _ CTTTTCCCGAGACAGGCA	1
DUSP9 _ GCCCAGACCCTCCATGGGCG	1
VCAM1 _ CCCAGGCATTTTAAGTTGCTG	1
CHEK2 _ GACGGCGTTTTCCTTTCCCT	1
INPPL1 _ TCCGTCCTGAGCCTAAAA	1
MAP3K1 _ CCACCGACTCGGTAAGGTGG	1
GNA12 _ GTGGTGAAGTGGTGGAAG	1
IKBKB _ GTTCCATTCAAGTCTTCG	1
MAP2K6 _ GGTGGGCCGAACCAGAAGCC	1
CTNNB1 _ AGAAAATCCCTGTTCCCACT	1
MAP3K5 _ AAGAAGATCAGCTCTGTATT	1
IL15 _ AGACATGAATGCCAGCTT	1
PTPN6 _ GCCACGCCATCTGCCAGAAG	1
SMAD1 _ CAGCCTGCCATCCAGAGA	1
TERF1 _ CTCGGCCACCAGGCCCGCGT	1
PRKACA _ TCGCGGCGGCGGCGGCCGGG	1
DUSP8 _ GCCTGTCCTTCACGAACCTG	1
PRKAR2A _ TTCTAAAAGTCACCCGGTCC	1
IKBKB _ ACTTCTGCTGCTCCAGTA	1
PTPN6 _ GACCCCATGGTCGGGCCAGC	1
GNAI2 _ CAACAGCAGCAACTTCAC	1
GNA11 _ CAGGGTCTTGATGGCACT	1
RELA _ TTCTGCACCTTGTCACAC	1
AKT3 _ TCTTCCTCTCCTATATTA	1
GNA13 _ GTTGTGATGGAATATAAT	1
ABCC1 _ GGCACCCACACGAGGACCGT	1
DUSP8 _ CCTCAGGCGCGGCGTCCGGG	1
SMAD1 _ AGTGGCGTTGAGTGGCAT	1
PYGL _ ACGGGCCAGCGCTCCAGGGC	1
SMAD3 _ TCTGGTGGTCACTGGTTT	1
KRR1 _ TGAGGTTGGCTGGTGAGC	1
CTNNB1 _ AATCAGCTTGAGTAGCCATT	1
CTNNB1 _ CCTCTCAGCAACTCTACAGG	1
WWP1 _ GTTGTTGTTCTGGTGTTATG	1
IL15 _ TTTAGAAGTAAACACAAG	1
WWP1 _ AGAATGGTAAAGAGAAACCA	1
WLS _ CGCGCTGCTTCTGGCCCCCA	1
PRKAR2A _ CCCGAGGTTGCCCAGATCCA	1
RIPK2 _ GTCAGTAGTGTCTAGTAATT	1
AKT3 _ AAAGGTAACCTCCCACAC	1
GNA12 _ CTGGAACCACTTCTGGCG	1
IL15 _ ATAATGGTATGGAGGAAG	1
IL15 _ TTAGTAGCATTTAGGTAA	1
GNA13 _ TCTGGTTCTCCAAGTTTA	1
TRADD _ CTCACCTCCTGGCCGCCT	1
RHOG _ CATTCGAGGTAGCGCACA	1
EGR1 _ GGAATTGGCTCTGAGAAC	1
RHOB _ CGGACATGCTCGTCGCTG	1
SMAD6 _ CACCTGCAGCCGCCCGTCCA	1
RIPK2 _ AGATGGCCTCCCCGTTCATG	1
PIK3R1 _ GTCCAGGTAGCGGGCGAG	1
GNA13 _ CCCGTGGATGATCCGCAT	1
GNA13 _ TCACCAGCCGCTTCACAT	1
E2F1 _ GAGGCCTCGATAAATAAATA	1
TERF1 _ GCAGGGTTCAACAAATTTAC	1
PCK2 _ GGTGATGCCCAGGATCAGCA	1
TFRC _ CCAATCATAAATCCAATC	1
SMAD6 _ CGCACAGCCCTTCACGGCAA	1
RHOB _ CGGGCCAGCTCTGTGCGG	1
GNA13 _ AAGCATTTTGAAAGGAAC	1
GNA11 _ TTTCCACAATCTCTTTAT	1
E2F1 _ GGTATAAATTAAATGTTTCC	1
VCAM1 _ CCTGAAGCCAGTGAGGCCCG	1
RHOB _ CGAAGACCTCGCGCACGC	1
SELE _ GGCTTGAAATACTTTCCT	1
SMAD2 _ GAGAGCCTGTGTCCATAC	1
ETS2 _ CAGCTCCAGGAGAAACTG	1
SMAD2 _ CCTTCTTGTCATTTCTAC	1
SMAD2 _ ACAGATTCCACAAGGTGC	1
PRKACA _ CCTTGAACCCCGGGCCGTGG	1
MAP3K5 _ CTCTGTCACCATTTTCATCA	1
PIK3R1 _ CCTGTTTACTGCTCTCCC	1
RHOB _ ACGGGTTCCTGCTTCATG	1
TFRC _ TTTAACATCAGGTTTTGT	1
PLA2G4A _ CTCCTTCAGCCCTTCCCG	1
E2F1 _ AACCCCACACCCCTCCTCCC	1
MAP3K1 _ TTCTTGCAGAACTCAAGTAG	1
PLA2G4A _ TCGGGAGCCATAAAAGTA	1
PLA2G4A _ TTTAGCCCACTTTTCTGC	1
KRR1 _ CCCTGGGTTCTGTGGAAA	1
PTEN _ TAAATAGCTGGAGATGGT	1
CHUK _ AGGATGTGTACTATCTTC	1
PIK3R1 _ CCATGGTGCGGTGGCCTC	1
MAP3K5 _ TTCTAAAGTCTCTACCAGCT	1
PIK3R1 _ ATCCGCAGGTTGGTTTTC	1
CHUK _ AATTTACACAATCAGATA	1
SMAD2 _ AGCTGCTTCTCCGCCGCC	1
AKT2 _ CGTGCGTCCTCTGCGTGG	1
AKT3 _ TTCCATTAATATTAATTC	1
PTPN6 _ TCAGAGTCGCAAACTTCTCC	1
CHUK _ CTGAGATCAAAGTGTTCT	1
GNAI2 _ GGCCTGTGCGAACCCCTC	1
SMAD3 _ CCATTTCTCCTCCTGCCC	1
NSMAF _ GAGTGTTATCTGGACCAC	1
PRKAR2A _ TGAGTGATTATGCGTTCTCC	1
SMAD3 _ CCCCTACCATACTTGATG	1
PIK3R1 _ GTAGATGAGGGCGATCAC	1
E2F1 _ GCCAGGCGCTGGCTGTCAGT	1
E2F1 _ GGTCCCTCCAAGCCCTGTCA	1
PIK3R1 _ TGATTTCTTCACCTTTTC	1
PIK3R1 _ TTGCCCAACCACTCGTTC	1
ETS2 _ CATGGTTGTTTCCTTCCC	1
VCAM1 _ AACATCTCCGTACCATGCCA	1
TERF1 _ TTAACTCTGGTAGCACAAAC	1
MAP3K5 _ CGCCTCCGTGCTCATCTCTC	1
VCAM1 _ GCCTGGGAGGGTATTCAGCT	1
GNA13 _ ACGACATCATCTTATCTC	1
RHOG _ GGCAGTGCCTCCTCTCTC	1
DUSP8 _ GAGCCGGTCCCCAGCCATGG	1
RELA _ CTGCCGGGAAGATGAGGG	1
MAP3K1 _ TTTTGCATACTGAGCTTAGG	1
GNA12 _ CTTATCTCGTGCATCAAC	1
PRKAR2A _ TGCAGCAGCTCCGTGAGCCC	1
WLS _ AGGCCCTGCAGTTCTGACCA	1
GNA12 _ GGAAGAGAATGATGGAGA	1
PTEN _ ATGGTGACAGGCGACTCA	1
SELE _ CAGCCAAGAACAGCT	1
PLA2G4A _ AAATCGTAGGTCTGGGCA	1
RHOB _ CTCGAAGACCTCGCGCAC	1
VCAM1 _ GGTATTCAGCTCCTGAAG	1
PRKACA _ TAGATGAGATCCAGCGAGTG	1
FGR _ TTTCTCCCATCCCACTCA	1
RHOG _ CAGCAGGATGGGCACATC	1
RIPK2 _ TGAAATTCATTGTCCAATAA	1
SMAD3 _ TTAAGCCACCAGAGCAGA	1
GNAI2 _ CGTTCTTGGTGTCGGTGG	1
AKT3 _ ATATATTCTCCCCTCTTC	1
SMAD3 _ AGAACTGGTGTCTCTACT	1
WWP1 _ AATTTCCCAGCCTTCTGGCA	1
INPPL1 _ TCCAGGCAGGTAGAGTAG	1
WLS _ CCGGTGGCGCGGGCGGCGGC	1
MAP2K6 _ CGAGAAAGAACTTTTGCTGT	1
PRKCA _ GTCAGCCATGGTCCCCCCCC	1
GNA11 _ GCAGGTCCTTCTTGTTGA	1
AKT3 _ AGCCTGGATAGCTTCTGT	1
MAP3K5 _ CGCTGCCCGGCGGCGGCTCG	1
GNA12 _ TGGTCTCGAAGATGTTCA	1
ABCC1 _ ACCGGATGGCGGTGGCTGCT	1
GNA11 _ ATCTTGTCCTCCAGCAGG	1
TFRC _ ACACTGCTCCCGATAATG	1
NSMAF _ TCAAGGCAGGATGCTCTG	1
GNA13 _ CATAAGCACCTGGTCAAA	1
MAP3K5 _ CCGAATTCCCTTGACATCTC	1
AKT3 _ TCTATAACAGTAGTCCAC	1
AKT3 _ AGTCTACTGCTCGGCCAT	1
E2F1 _ TTTAACGTCATCAAAATATT	1
SMAD1 _ TGCTAGTAACATCCTGGC	1
SENP1 _ CCACAGTTCAGTTCTCTG	1
TRADD _ TGGGCTAGGATGCAACTC	1
PTEN _ TGGCTGCAGCTTCCGAGA	1
PIK3R1 _ GGCTGCGGAGCACGTCCT	1
PIK3R1 _ CTTCTTGCTGCCCTCGGG	1
DUSP9 _ GGGCGCTCCGCTCTGCTCGG	1
PRKACA _ GCGGCGGGTGCTGGCTGCGG	1
TRADD _ AAAGATCAAGGTGCTTCA	1
AKT2 _ TGTGATTGTGATGGACTG	1
PRKACA _ CCAGCATCACCCGCCCGAAG	1
SENP1 _ GGGTCTCCGCACAGCAGC	1
FGR _ ATCGGCTCGGGTCGGTCA	1
GNA12 _ GGACCTGGTCGTACTCGC	1
PRKCA _ GGATTCACTTCCACTGCGGG	1
SENP1 _ ATGATTCTTTGAGTTTCT	1
PIK3R1 _ CTTTGTTTCGGTTGCTGC	1
GNA13 _ CCTTGTTTCCACCATTCC	1
TRADD _ TCAGCCAGTTCTTCATCC	1
FGR _ CCAAGTTGGTCAGGACAT	1
VCAM1 _ CGACCATCTTCCCAGGCATTT	1
PIK3R1 _ ATCCTTTGTATTTCTTTC	1
GNA11 _ GCAGGTAGCCCAAGGTGG	1
RIPK2 _ TCTATTAAACATTTTAAGAA	1
RHOB _ GCACGTCTTGCCACACGC	1
SMAD2 _ CGTGAATGGCAAGATGGA	1
GNA11 _ CGACTCCACCAGGACTTG	1
MAP3K5 _ CATCAACAAGCAAGTCGTTA	1
IKBKB _ TTAAGATGTCATCCAGGG	1
TFRC _ GTTGTTAGTCTGGAAGTA	1
GNA12 _ GCTCACGGTCTTCACCTT	1
AKT2 _ GAGGCACCGTGGACAGGG	1
PIK3R1 _ GTCCCTGCACCCCTAGTC	1
AKT3 _ TGTCCATTCTTCCCTTTC	1
TFRC _ CATGTCCAAAGAATGAAA	1
PCK2 _ GGCAGATCCTGGTTGACCTG	1
AKT3 _ CTGCTCGGCCATAGTCAT	1
CTNNB1 _ TAGCAGTTTTGTCAGTTCAG	1
PIK3R1 _ ATCTTCTTCTCTTTCCTT	1
PLA2G4A _ CCCCACCTGAACCCAATA	1
GNA11 _ AAACTAAAGTCATAAATA	1
MAP2K6 _ GACTGAGACATTTTCCCCTT	1
SMAD3 _ TGCAGGTCCAAGTTATTA	1
DUSP9 _ CGAGCGGCCCAGACCCTCCA	1
AKT3 _ AAGTTTCTCATGGTCCTG	1
MAP3K1 _ CTGTTCAGTGGCATCATGGC	1
INPPL1 _ AGGTGGGTGGGAAGGAGA	1
RHOG _ ACAGCCTCGGCGAACACT	1
KRR1 _ CATGGTCAATTTCATCAA	1
PYGL _ TCATGATAAAATAGCATGTT	1
PRKAR2A _ AGGCGGGTGAAGTACTCCAC	1
ETS2 _ AGCTGTCCGCACCGTTCT	1
SELE _ GAAATACTTTCCTGGGGAGAT	1
TERF1 _ GCCATGTTAAATGGCTCGAT	1
VCAM1 _ CTTTGACTTCTTGCTCACAGC	1
E2F1 _ TGTTAGGAAGCAAATCAAAG	1
GNA12 _ CAGAATCCCTCCAGAGTG	1
IL15 _ CCAATACCATGAAGGCAT	1
PYGL _ TGCCACGTTCTCCACGCCCA	1
TFRC _ GTGACACATTCAAGTGAG	1
DUSP9 _ GTGGCACACACCCTTCCTGA	1
INPPL1 _ TGCGGCTGGCTGTCTTCA	1
PRKAR2A _ CGCACGGCCCCGGCTCACGT	1
RHOG _ CCCTGCTGCGGTGTGATG	1
GNA11 _ TCCTGGATGCCCGGGTCC	1
SMAD6 _ AGAAAAGGAAATCCCAAA	1
GNAI2 _ AGACAAGGGCAGGCTTCA	1
MAP3K1 _ CCCACTCCCCGCTGCGTCCG	1
TRADD _ TCACTACAGGCTGACCCT	1
GNA12 _ AGCAGGCAGCGGCTGAGG	1
TERF1 _ ATATTAAATGAAGGTATCAG	1
PYGL _ TGGAGCCAAACTTGGAGGCT	1
KRR1 _ GGCATGGTGGGTGTATTT	1
RELA _ CGTAGTCCCCACGCTGCT	1
E2F1 _ GGCCGAAAGTGCAGTTAGAG	1
VCAM1 _ GGCATTTTAAGTTGCTGTCG	1
CHUK _ TCTCGATGTATAATTTTG	1
CHEK2 _ TAATCTTTATAAGACAGTCC	1
DUSP9 _ CCTCCATGGGCGATCGGCTC	1
PIK3R1 _ TCCCAGGGTGTGCGTCAC	1
TRADD _ CTTGCGCCATTTGAGACC	1
ABCC1 _ CAGGAGGTCCGATGGGGCGC	1
IL15 _ CCATCCACGATGCCTCCT	1
PTPN6 _ GGGACAGCATCTCTCTGTAG	1
GNA11 _ TCGATGATGCCGGTGGTG	1
RIPK2 _ CGTTCATGGTCCCGGGCGCT	1
EGR1 _ GGGCGAGTGAGGAAAGGA	1
MAP3K5 _ CTCCCAGTTCATAAAATGGG	1
RELA _ ATGGGTCCCGCACTGTCA	1
MAP2K6 _ TCTGTAGCTAGTTTTGCAAC	1
TERF1 _ TTACAAACACAATCAGTCTT	1
DUSP8 _ TCTGCCGGGCCGCATCGCCG	1
GNAI2 _ AAAGAGAGGAAAGAGGAG	1
TERF1 _ CTGAGGAAACATCCTCCGCC	1
RELA _ AAAGGAGCCTCGGGCCTC	1
VCAM1 _ TTTGTGTCCCACCTG	1
